-----------------------------------------------------------------------------------------------------------------------------------------------------------------------
      name:  <unnamed>
       log:  C:/Users/tijer/git/UROC/climate-smart-ag-adoption/05-climate-smart/logs/final_results.log
  log type:  text
 opened on:  30 Jul 2026, 17:02:09

. 
. 
. ************************************************************************
. **# 1 - open final regression data
. ************************************************************************
. 
. * open final regression data
.         use                                     "$root/eth_csa_regression.dta", clear
(Ethiopia CSA adoption analysis data, waves 1-5)

. 
. * confirm field-wave identifiers are unique
.         isid                            wave holder_id parcel_id field_id

. 
. * confirm final sample size
.         assert                          _N == 75033

. 
. * inspect observations by wave
.         tab                                     wave, missing

       wave |      Freq.     Percent        Cum.
------------+-----------------------------------
          1 |      6,576        8.76        8.76
          2 |     22,433       29.90       38.66
          3 |     22,658       30.20       68.86
          4 |     12,907       17.20       86.06
          5 |     10,459       13.94      100.00
------------+-----------------------------------
      Total |     75,033      100.00

.         
.         
. ************************************************************************
. **# 2 - define regression variables
. ************************************************************************
. 
. * define barrier-domain indices
.         local barriers          econ_barrier_index ///
>                                                 inst_barrier_index ///
>                                                 land_barrier_index

. 
. * define manager characteristics
.         local manager           female_manager ///
>                                                 manager_age ///
>                                                 manager_age_sq ///
>                                                 manager_lowedu

.                                                 
. * construct additional manager controls
.         gen                                     manager_not_head = ///
>                                                 mg1_relat != 1 ///
>                                                 if !missing(mg1_relat)
(359 missing values generated)

. 
.         gen                                     manager_married = ///
>                                                 inlist(mg1_mrry, 2, 3) ///
>                                                 if inrange(mg1_mrry, 1, 6)
(1,103 missing values generated)

. 
.         label variable          manager_not_head ///
>                                                 "Primary manager is not household head"

. 
.         label variable          manager_married ///
>                                                 "Primary manager is married"

. 
. * define candidate controls for variable selection
.         local candidates        manager_not_head ///
>                                                 manager_married ///
>                                                 mg1_farm ///
>                                                 mg1_wage

.                                                 
.         misstable                       summarize `candidates'
                                                               Obs<.
                                                +------------------------------
               |                                | Unique
      Variable |     Obs=.     Obs>.     Obs<.  | values        Min         Max
  -------------+--------------------------------+------------------------------
  manager_no~d |       359              74,674  |      2          0           1
  manager_ma~d |     1,103              73,930  |      2          0           1
      mg1_farm |     3,709              71,324  |      2          0           1
      mg1_wage |     1,153              73,880  |      2          0           1
  -----------------------------------------------------------------------------

. 
. * inspect missingness in outcomes and explanatory variables
.         misstable summarize ///
>                                                 csa_pca_index ///
>                                                 any_csa ///
>                                                 csa_count ///
>                                                 csa_irr csa_seed csa_soil csa_cons ///
>                                                 `barriers' ///
>                                                 `manager'
                                                               Obs<.
                                                +------------------------------
               |                                | Unique
      Variable |     Obs=.     Obs>.     Obs<.  | values        Min         Max
  -------------+--------------------------------+------------------------------
  csa_pca_in~x |    31,422              43,611  |     16  -1.558572    3.827248
       any_csa |       126              74,907  |      2          0           1
     csa_count |    31,422              43,611  |      5          0           4
       csa_irr |       331              74,702  |      2          0           1
      csa_seed |     7,975              67,058  |      2          0           1
      csa_soil |    25,780              49,253  |      2          0           1
      csa_cons |     6,167              68,866  |      2          0           1
  land_barri~x |       783              74,250  |      5          0           1
  female_man~r |       255              74,778  |      2          0           1
   manager_age |       553              74,480  |     84         15          99
  manager_ag~q |       553              74,480  |     84        225        9801
  manager_lo~u |     7,972              67,061  |      2          0           1
  -----------------------------------------------------------------------------

.         
. * inspect region fixed-effect availability
.         misstable summarize     admin_1
                                                               Obs<.
                                                +------------------------------
               |                                | Unique
      Variable |     Obs=.     Obs>.     Obs<.  | values        Min         Max
  -------------+--------------------------------+------------------------------
       admin_1 |       647              74,386  |     10          1          15
  -----------------------------------------------------------------------------

. 
.         tab                                     wave admin_1, missing

           |                                                       Region Code
      wave |    Tigray       Afar     Amhara     Oromia    Somalie  Benshagul       SNNP   Gambelia     Harari    Diredwa          . |     Total
-----------+-------------------------------------------------------------------------------------------------------------------------+----------
         1 |       693         10      2,090      1,579        155        279      1,122         99        322        227          0 |     6,576 
         2 |     1,980         44      4,753      5,368        357        734      7,369        353        600        561        314 |    22,433 
         3 |     2,021         44      4,723      5,525        385        846      7,158        399        685        539        333 |    22,658 
         4 |     1,467         57      3,101      2,088          7      1,198      3,187        684        761        357          0 |    12,907 
         5 |         0         29      1,833      2,354         54        971      3,496        611        881        230          0 |    10,459 
-----------+-------------------------------------------------------------------------------------------------------------------------+----------
     Total |     6,161        184     16,500     16,914        958      4,028     22,332      2,146      3,249      1,914        647 |    75,033 

.         
. * search for alternative region variables
.         lookfor                         region

Variable      Storage   Display    Value
    name         type    format    label      Variable label
-----------------------------------------------------------------------------------------------------------------------------------------------------------------------
admin_1         byte    %16.0g     saq01      Region Code

. 
.         describe                        admin_*

Variable      Storage   Display    Value
    name         type    format    label      Variable label
-----------------------------------------------------------------------------------------------------------------------------------------------------------------------
admin_1         byte    %16.0g     saq01      Region Code
admin_2         byte    %16.0g                Zone Code
admin_3         byte    %16.0g                Woreda Code
admin_4         byte    %16.0g                Town Code
admin_5         byte    %16.0g                Subcity Code
admin_6         int     %16.0g                Kebele/FA Code

.         
. * inspect Wave 5 region variable
.         tab                                     wave admin_1, missing

           |                                                       Region Code
      wave |    Tigray       Afar     Amhara     Oromia    Somalie  Benshagul       SNNP   Gambelia     Harari    Diredwa          . |     Total
-----------+-------------------------------------------------------------------------------------------------------------------------+----------
         1 |       693         10      2,090      1,579        155        279      1,122         99        322        227          0 |     6,576 
         2 |     1,980         44      4,753      5,368        357        734      7,369        353        600        561        314 |    22,433 
         3 |     2,021         44      4,723      5,525        385        846      7,158        399        685        539        333 |    22,658 
         4 |     1,467         57      3,101      2,088          7      1,198      3,187        684        761        357          0 |    12,907 
         5 |         0         29      1,833      2,354         54        971      3,496        611        881        230          0 |    10,459 
-----------+-------------------------------------------------------------------------------------------------------------------------+----------
     Total |     6,161        184     16,500     16,914        958      4,028     22,332      2,146      3,249      1,914        647 |    75,033 

. 
. ************************************************************************
. **# 3 - define common regression sample
. ************************************************************************
. 
. * count missing explanatory variables and region fixed effects
.         egen                            rhs_missing = rowmiss( ///
>                                                 `barriers' ///
>                                                 `manager' ///
>                                                 admin_1)

. 
. * identify observations with complete explanatory variables
.         gen                                     sample_rhs = rhs_missing == 0

. 
.         label variable          sample_rhs ///
>                                                 "Complete RHS and region-FE sample"

. 
. * inspect common regression sample by wave
.         tab                                     wave sample_rhs, missing

           |   Complete RHS and
           |   region-FE sample
      wave |         0          1 |     Total
-----------+----------------------+----------
         1 |     1,168      5,408 |     6,576 
         2 |     2,800     19,633 |    22,433 
         3 |     2,807     19,851 |    22,658 
         4 |     1,298     11,609 |    12,907 
         5 |       708      9,751 |    10,459 
-----------+----------------------+----------
     Total |     8,781     66,252 |    75,033 

.         
.         
. ************************************************************************
. **# 4 - define outcome-specific samples
. ************************************************************************
. 
. * define outcome-specific regression samples
.         gen                                     sample_pca = ///
>                                                 sample_rhs == 1 & ///
>                                                 !missing(csa_pca_index)

. 
.         gen                                     sample_any = ///
>                                                 sample_rhs == 1 & ///
>                                                 !missing(any_csa)

. 
.         gen                                     sample_count = ///
>                                                 sample_rhs == 1 & ///
>                                                 !missing(csa_count)

. 
.         gen                                     sample_irr = ///
>                                                 sample_rhs == 1 & ///
>                                                 !missing(csa_irr)

. 
.         gen                                     sample_seed = ///
>                                                 sample_rhs == 1 & ///
>                                                 !missing(csa_seed)

. 
.         gen                                     sample_soil = ///
>                                                 sample_rhs == 1 & ///
>                                                 !missing(csa_soil)

. 
.         gen                                     sample_cons = ///
>                                                 sample_rhs == 1 & ///
>                                                 !missing(csa_cons)

.                                                 
. * count missing candidate controls
.         egen                            candidate_missing = rowmiss( ///
>                                                 `candidates')

. 
. * define variable-selection samples
.         gen                                     sample_select_pca = ///
>                                                 sample_pca == 1 & ///
>                                                 candidate_missing == 0

. 
.         gen                                     sample_select_any = ///
>                                                 sample_any == 1 & ///
>                                                 candidate_missing == 0

. 
.         gen                                     sample_select_count = ///
>                                                 sample_count == 1 & ///
>                                                 candidate_missing == 0

. 
. * inspect variable-selection sample sizes
.         tabstat                         sample_select_pca ///
>                                                 sample_select_any ///
>                                                 sample_select_count, ///
>                                                 by(wave) ///
>                                                 statistics(sum)

Summary statistics: Sum
Group variable: wave 

    wave |  sa~t_pca  sa~t_any  ~t_count
---------+------------------------------
       1 |       179      5211       179
       2 |      7692     19592      7692
       3 |      9451     19845      9451
       4 |      9202      9202      9202
       5 |      9749      9751      9749
---------+------------------------------
   Total |     36273     63601     36273
----------------------------------------

. 
. * inspect regression sample sizes by wave
.         tabstat                         sample_pca ///
>                                                 sample_any ///
>                                                 sample_count ///
>                                                 sample_irr ///
>                                                 sample_seed ///
>                                                 sample_soil ///
>                                                 sample_cons, ///
>                                                 by(wave) ///
>                                                 statistics(sum)

Summary statistics: Sum
Group variable: wave 

    wave |  sa~e_pca  sa~e_any  ~e_count  sample~r  sample~d  sample~l  sampl~ns
---------+----------------------------------------------------------------------
       1 |       179      5315       179      5226      4612      2204       435
       2 |      7699     19626      7699     19566     14288     10060     19541
       3 |      9453     19850      9453     19821     18881      9920     19838
       4 |     11609     11609     11609     11609     11609     11609     11609
       5 |      9749      9751      9749      9750      9751      9750      9751
---------+----------------------------------------------------------------------
   Total |     38689     66151     38689     65972     59141     43543     61174
--------------------------------------------------------------------------------

.         
.         
. ************************************************************************
. **# 5 - estimate pca outcome model
. ************************************************************************
. 
. * create numeric holder cluster identifier
.         egen                            holder_cluster = group(holder_id)

. 
. * estimate PCA outcome using barrier domains
.         regress                         csa_pca_index ///
>                                                 `barriers' ///
>                                                 `manager' ///
>                                                 i.wave i.admin_1 ///
>                                                 if sample_pca == 1, ///
>                                                 vce(cluster holder_cluster)

Linear regression                               Number of obs     =     38,689
                                                F(20, 4716)       =     139.12
                                                Prob > F          =     0.0000
                                                R-squared         =     0.1464
                                                Root MSE          =     .97773

                           (Std. err. adjusted for 4,717 clusters in holder_cluster)
------------------------------------------------------------------------------------
                   |               Robust
     csa_pca_index | Coefficient  std. err.      t    P>|t|     [95% conf. interval]
-------------------+----------------------------------------------------------------
econ_barrier_index |  -.0801436   .0382029    -2.10   0.036    -.1550391   -.0052481
inst_barrier_index |  -.4217754   .0347924   -12.12   0.000    -.4899848    -.353566
land_barrier_index |    .318205    .028025    11.35   0.000     .2632628    .3731472
    female_manager |  -.0292744   .0243962    -1.20   0.230    -.0771023    .0185535
       manager_age |   .0029664   .0038815     0.76   0.445    -.0046431    .0105759
    manager_age_sq |  -.0000364   .0000392    -0.93   0.353    -.0001132    .0000404
    manager_lowedu |   .0094681   .0226579     0.42   0.676     -.034952    .0538882
                   |
              wave |
                2  |  -.1274332   .0952614    -1.34   0.181    -.3141901    .0593236
                3  |  -.2558252   .0969914    -2.64   0.008    -.4459737   -.0656767
                4  |   .0088939   .0964548     0.09   0.927    -.1802026    .1979904
                5  |  -.0439154   .0973109    -0.45   0.652    -.2346902    .1468595
                   |
           admin_1 |
             Afar  |   .4744725   .1757966     2.70   0.007     .1298291    .8191159
           Amhara  |   .0848467   .0318874     2.66   0.008     .0223325    .1473608
           Oromia  |  -.3662397   .0347594   -10.54   0.000    -.4343844    -.298095
          Somalie  |  -.0143398   .1725003    -0.08   0.934     -.352521    .3238414
  Benshagul Gumuz  |  -.4007811   .0457746    -8.76   0.000    -.4905207   -.3110415
             SNNP  |  -.7029315   .0342147   -20.54   0.000    -.7700083   -.6358548
         Gambelia  |  -.9941251   .0368826   -26.95   0.000    -1.066432   -.9218179
           Harari  |   .0744197   .0500249     1.49   0.137    -.0236525    .1724918
          Diredwa  |   .1395263   .0589125     2.37   0.018     .0240303    .2550222
                   |
             _cons |   .5607768   .1346291     4.17   0.000     .2968408    .8247128
------------------------------------------------------------------------------------

. 
. * store PCA model
.         estimates store         pca_domains

.         
.         
. ************************************************************************
. **# 6 - estimate any-csa outcome model
. ************************************************************************
. 
. * estimate linear probability model for any CSA adoption
.         regress                         any_csa ///
>                                                 `barriers' ///
>                                                 `manager' ///
>                                                 i.wave i.admin_1 ///
>                                                 if sample_any == 1, ///
>                                                 vce(cluster holder_cluster)

Linear regression                               Number of obs     =     66,151
                                                F(20, 5740)       =     407.59
                                                Prob > F          =     0.0000
                                                R-squared         =     0.1943
                                                Root MSE          =     .41881

                           (Std. err. adjusted for 5,741 clusters in holder_cluster)
------------------------------------------------------------------------------------
                   |               Robust
           any_csa | Coefficient  std. err.      t    P>|t|     [95% conf. interval]
-------------------+----------------------------------------------------------------
econ_barrier_index |  -.0186554   .0139021    -1.34   0.180    -.0459088    .0085979
inst_barrier_index |  -.0735824   .0128038    -5.75   0.000    -.0986827   -.0484821
land_barrier_index |  -.0444689   .0099723    -4.46   0.000    -.0640184   -.0249194
    female_manager |  -.0135143   .0102029    -1.32   0.185    -.0335158    .0064872
       manager_age |    .006106   .0015791     3.87   0.000     .0030104    .0092016
    manager_age_sq |   -.000051   .0000155    -3.29   0.001    -.0000813   -.0000206
    manager_lowedu |  -.0109875   .0093324    -1.18   0.239    -.0292825    .0073075
                   |
              wave |
                2  |   .4859376   .0106272    45.73   0.000     .4651042    .5067709
                3  |   .4947984   .0109354    45.25   0.000     .4733609     .516236
                4  |   .5595734   .0118812    47.10   0.000     .5362818     .582865
                5  |   .5279503   .0131266    40.22   0.000     .5022171    .5536834
                   |
           admin_1 |
             Afar  |   .0226136   .0287886     0.79   0.432    -.0338229    .0790502
           Amhara  |  -.0158737   .0100911    -1.57   0.116    -.0356561    .0039086
           Oromia  |   -.184575   .0121099   -15.24   0.000     -.208315   -.1608351
          Somalie  |  -.1048191   .0319492    -3.28   0.001    -.1674517   -.0421866
  Benshagul Gumuz  |  -.2923342   .0226919   -12.88   0.000    -.3368189   -.2478495
             SNNP  |  -.2473968   .0119908   -20.63   0.000    -.2709033   -.2238903
         Gambelia  |  -.7740923   .0166592   -46.47   0.000    -.8067505    -.741434
           Harari  |   .0478168   .0132808     3.60   0.000     .0217813    .0738522
          Diredwa  |   .0899984   .0121067     7.43   0.000     .0662647    .1137321
                   |
             _cons |    .273314   .0410907     6.65   0.000     .1927607    .3538673
------------------------------------------------------------------------------------

. 
. * store any-CSA model
.         estimates store         any_domains

.         
.         
. ************************************************************************
. **# 7 - estimate csa-count outcome model
. ************************************************************************
. 
. * estimate OLS model for number of adopted CSA practices
.         regress                         csa_count ///
>                                                 `barriers' ///
>                                                 `manager' ///
>                                                 i.wave i.admin_1 ///
>                                                 if sample_count == 1, ///
>                                                 vce(cluster holder_cluster)

Linear regression                               Number of obs     =     38,689
                                                F(20, 4716)       =     172.87
                                                Prob > F          =     0.0000
                                                R-squared         =     0.1522
                                                Root MSE          =     .71639

                           (Std. err. adjusted for 4,717 clusters in holder_cluster)
------------------------------------------------------------------------------------
                   |               Robust
         csa_count | Coefficient  std. err.      t    P>|t|     [95% conf. interval]
-------------------+----------------------------------------------------------------
econ_barrier_index |   .0245841   .0280532     0.88   0.381    -.0304133    .0795815
inst_barrier_index |  -.0161942   .0265432    -0.61   0.542    -.0682312    .0358428
land_barrier_index |  -.2262277   .0206319   -10.96   0.000    -.2666758   -.1857795
    female_manager |   .0066166   .0198654     0.33   0.739    -.0323288     .045562
       manager_age |   .0026738   .0031939     0.84   0.403    -.0035877    .0089353
    manager_age_sq |   -.000022   .0000315    -0.70   0.486    -.0000838    .0000398
    manager_lowedu |  -.0068608   .0180472    -0.38   0.704    -.0422418    .0285202
                   |
              wave |
                2  |   .4098121   .0728511     5.63   0.000     .2669898    .5526344
                3  |   .3956641   .0730344     5.42   0.000     .2524825    .5388457
                4  |   .2027895   .0737769     2.75   0.006     .0581523    .3474267
                5  |   .1537399   .0742435     2.07   0.038      .008188    .2992917
                   |
           admin_1 |
             Afar  |    .300419   .0965972     3.11   0.002     .1110434    .4897946
           Amhara  |   .0031065   .0266258     0.12   0.907    -.0490925    .0553056
           Oromia  |  -.2247401   .0289979    -7.75   0.000    -.2815894   -.1678908
          Somalie  |   .0231222   .1881926     0.12   0.902    -.3458232    .3920676
  Benshagul Gumuz  |  -.4038615   .0395225   -10.22   0.000    -.4813441    -.326379
             SNNP  |  -.3320183   .0271288   -12.24   0.000    -.3852033   -.2788332
         Gambelia  |  -1.098416   .0337531   -32.54   0.000    -1.164588   -1.032245
           Harari  |   .3708562   .0514618     7.21   0.000     .2699671    .4717452
          Diredwa  |   .4078033   .0463114     8.81   0.000     .3170113    .4985954
                   |
             _cons |   1.021213    .108563     9.41   0.000     .8083791    1.234048
------------------------------------------------------------------------------------

. 
. * store CSA-count model
.         estimates store         count_domains

.         
.         
. ************************************************************************
. **# 8 - estimate practice-specific models
. ************************************************************************
. 
. * estimate irrigation-adoption model
.         quietly regress         csa_irr ///
>                                                 `barriers' ///
>                                                 `manager' ///
>                                                 i.wave i.admin_1 ///
>                                                 if sample_irr == 1, ///
>                                                 vce(cluster holder_cluster)

. 
.         estimates store         irr_domains

. 
. * estimate improved-seed adoption model
.         quietly regress         csa_seed ///
>                                                 `barriers' ///
>                                                 `manager' ///
>                                                 i.wave i.admin_1 ///
>                                                 if sample_seed == 1, ///
>                                                 vce(cluster holder_cluster)

. 
.         estimates store         seed_domains

. 
. * estimate soil-management adoption model
.         quietly regress         csa_soil ///
>                                                 `barriers' ///
>                                                 `manager' ///
>                                                 i.wave i.admin_1 ///
>                                                 if sample_soil == 1, ///
>                                                 vce(cluster holder_cluster)

. 
.         estimates store         soil_domains

. 
. * estimate conservation-practice adoption model
.         quietly regress         csa_cons ///
>                                                 `barriers' ///
>                                                 `manager' ///
>                                                 i.wave i.admin_1 ///
>                                                 if sample_cons == 1, ///
>                                                 vce(cluster holder_cluster)

. 
.         estimates store         cons_domains

. 
. * display coefficients of primary interest
.         estimates table         irr_domains ///
>                                                 seed_domains ///
>                                                 soil_domains ///
>                                                 cons_domains, ///
>                                                 keep(`barriers' `manager') ///
>                                                 b(%9.3f) ///
>                                                 se(%9.3f) ///
>                                                 stats(N r2)

--------------------------------------------------------------
    Variable | irr_dom~s   seed_do~s   soil_do~s   cons_do~s  
-------------+------------------------------------------------
econ_barri~x |     0.014      -0.020       0.053      -0.015  
             |     0.005       0.007       0.015       0.018  
inst_barri~x |    -0.017      -0.108       0.162      -0.032  
             |     0.006       0.006       0.015       0.015  
land_barri~x |    -0.020       0.002      -0.273       0.045  
             |     0.003       0.005       0.012       0.013  
female_man~r |    -0.001       0.002       0.015      -0.033  
             |     0.004       0.005       0.012       0.012  
 manager_age |     0.001       0.000       0.000       0.004  
             |     0.001       0.001       0.002       0.002  
manager_ag~q |    -0.000      -0.000      -0.000      -0.000  
             |     0.000       0.000       0.000       0.000  
manager_lo~u |    -0.005       0.002      -0.011      -0.001  
             |     0.004       0.004       0.010       0.011  
-------------+------------------------------------------------
           N |     65972       59141       43543       61174  
          r2 |     0.091       0.028       0.144       0.221  
--------------------------------------------------------------
                                                  Legend: b/se

.         
.         
. ************************************************************************
. **# 9 - estimate overall-barrier models
. ************************************************************************
. 
. * define overall barrier specification
.         local overall_rhs       overall_barrier_index ///
>                                                 `manager'

. 
. * estimate PCA model using overall barrier index
.         quietly regress         csa_pca_index ///
>                                                 `overall_rhs' ///
>                                                 i.wave i.admin_1 ///
>                                                 if sample_pca == 1, ///
>                                                 vce(cluster holder_cluster)

. 
.         estimates store         pca_overall

. 
. * estimate any-CSA model using overall barrier index
.         quietly regress         any_csa ///
>                                                 `overall_rhs' ///
>                                                 i.wave i.admin_1 ///
>                                                 if sample_any == 1, ///
>                                                 vce(cluster holder_cluster)

. 
.         estimates store         any_overall

. 
. * estimate CSA-count model using overall barrier index
.         quietly regress         csa_count ///
>                                                 `overall_rhs' ///
>                                                 i.wave i.admin_1 ///
>                                                 if sample_count == 1, ///
>                                                 vce(cluster holder_cluster)

. 
.         estimates store         count_overall

. 
. * display overall-barrier results
.         estimates table         pca_overall ///
>                                                 any_overall ///
>                                                 count_overall, ///
>                                                 keep(`overall_rhs') ///
>                                                 b(%9.3f) ///
>                                                 se(%9.3f) ///
>                                                 stats(N r2)

--------------------------------------------------
    Variable | pca_ove~l   any_ove~l   count_o~l  
-------------+------------------------------------
overall_ba~x |    -0.216      -0.142      -0.217  
             |     0.057       0.021       0.042  
female_man~r |    -0.052      -0.014       0.013  
             |     0.024       0.010       0.020  
 manager_age |    -0.000       0.006       0.004  
             |     0.004       0.002       0.003  
manager_ag~q |    -0.000      -0.000      -0.000  
             |     0.000       0.000       0.000  
manager_lo~u |    -0.000      -0.012      -0.004  
             |     0.023       0.009       0.018  
-------------+------------------------------------
           N |     38689       66151       38689  
          r2 |     0.127       0.194       0.148  
--------------------------------------------------
                                      Legend: b/se

.         
.         
. ************************************************************************
. **# 10 - estimate overall-barrier practice models
. ************************************************************************
. 
. * estimate irrigation model using overall barrier index
.         quietly regress         csa_irr ///
>                                                 `overall_rhs' ///
>                                                 i.wave i.admin_1 ///
>                                                 if sample_irr == 1, ///
>                                                 vce(cluster holder_cluster)

. 
.         estimates store         irr_overall

. 
. * estimate improved-seed model using overall barrier index
.         quietly regress         csa_seed ///
>                                                 `overall_rhs' ///
>                                                 i.wave i.admin_1 ///
>                                                 if sample_seed == 1, ///
>                                                 vce(cluster holder_cluster)

. 
.         estimates store         seed_overall

. 
. * estimate soil-management model using overall barrier index
.         quietly regress         csa_soil ///
>                                                 `overall_rhs' ///
>                                                 i.wave i.admin_1 ///
>                                                 if sample_soil == 1, ///
>                                                 vce(cluster holder_cluster)

. 
.         estimates store         soil_overall

. 
. * estimate conservation model using overall barrier index
.         quietly regress         csa_cons ///
>                                                 `overall_rhs' ///
>                                                 i.wave i.admin_1 ///
>                                                 if sample_cons == 1, ///
>                                                 vce(cluster holder_cluster)

. 
.         estimates store         cons_overall

. 
. * display overall-barrier practice results
.         estimates table         irr_overall ///
>                                                 seed_overall ///
>                                                 soil_overall ///
>                                                 cons_overall, ///
>                                                 keep(`overall_rhs') ///
>                                                 b(%9.3f) ///
>                                                 se(%9.3f) ///
>                                                 stats(N r2)

--------------------------------------------------------------
    Variable | irr_ove~l   seed_ov~l   soil_ov~l   cons_ov~l  
-------------+------------------------------------------------
overall_ba~x |    -0.026      -0.131      -0.038      -0.007  
             |     0.008       0.010       0.025       0.025  
female_man~r |    -0.001      -0.002       0.029      -0.035  
             |     0.004       0.005       0.012       0.012  
 manager_age |     0.001      -0.000       0.002       0.004  
             |     0.001       0.001       0.002       0.002  
manager_ag~q |    -0.000      -0.000      -0.000      -0.000  
             |     0.000       0.000       0.000       0.000  
manager_lo~u |    -0.005      -0.001      -0.003      -0.003  
             |     0.004       0.004       0.010       0.011  
-------------+------------------------------------------------
           N |     65972       59141       43543       61174  
          r2 |     0.089       0.020       0.110       0.219  
--------------------------------------------------------------
                                                  Legend: b/se

.         
.         
. ************************************************************************
. **# 11 - export main regression table
. ************************************************************************
. 
. * create domain-index table for aggregate CSA outcomes
.         etable,                         estimates( ///
>                                                         pca_domains ///
>                                                         any_domains ///
>                                                         count_domains) ///
>                                                 keep( ///
>                                                         econ_barrier_index ///
>                                                         inst_barrier_index ///
>                                                         land_barrier_index ///
>                                                         female_manager ///
>                                                         manager_age ///
>                                                         manager_age_sq ///
>                                                         manager_lowedu) ///
>                                                 mstat(N) ///
>                                                 mstat(r2) ///
>                                                 showstars ///
>                                                 showstarsnote ///
>                                                 column(index) ///
>                                                 title("Barrier domains and CSA adoption outcomes") ///
>                                                 note("All models include wave and region fixed effects. Standard errors are clustered by holder.")

Barrier domains and CSA adoption outcomes
-----------------------------------------------------------------------------------
                                                        1          2          3    
-----------------------------------------------------------------------------------
Share of observed economic barriers present         -0.080 *                       
                                                   (0.038)                         
Share of observed institutional barriers present    -0.422 **                      
                                                   (0.035)                         
Share of observed land and tenure barriers present   0.318 **                      
                                                   (0.028)                         
First plot manager is female                        -0.029                         
                                                   (0.024)                         
Age of first plot manager                            0.003                         
                                                   (0.004)                         
Age of first plot manager squared                   -0.000                         
                                                   (0.000)                         
Manager cannot read or write                         0.009                         
                                                   (0.023)                         
Share of observed economic barriers present                    -0.019              
                                                              (0.014)              
Share of observed institutional barriers present               -0.074 **           
                                                              (0.013)              
Share of observed land and tenure barriers present             -0.044 **           
                                                              (0.010)              
First plot manager is female                                   -0.014              
                                                              (0.010)              
Age of first plot manager                                       0.006 **           
                                                              (0.002)              
Age of first plot manager squared                              -0.000 **           
                                                              (0.000)              
Manager cannot read or write                                   -0.011              
                                                              (0.009)              
Share of observed economic barriers present                                0.025   
                                                                         (0.028)   
Share of observed institutional barriers present                          -0.016   
                                                                         (0.027)   
Share of observed land and tenure barriers present                        -0.226 **
                                                                         (0.021)   
First plot manager is female                                               0.007   
                                                                         (0.020)   
Age of first plot manager                                                  0.003   
                                                                         (0.003)   
Age of first plot manager squared                                         -0.000   
                                                                         (0.000)   
Manager cannot read or write                                              -0.007   
                                                                         (0.018)   
Number of observations                               38689      66151      38689   
R-squared                                             0.15       0.19       0.15   
-----------------------------------------------------------------------------------
** p<.01, * p<.05
All models include wave and region fixed effects. Standard errors are clustered by
holder.

. 
. * assign clear model-column labels
.         collect label levels    cmdset ///
>                                                         1 "PCA index" ///
>                                                         2 "Any CSA" ///
>                                                         3 "CSA count", ///
>                                                         modify

. 
. * shorten explanatory-variable labels
.         collect label levels    colname ///
>                                                         econ_barrier_index ///
>                                                                 "Economic barriers" ///
>                                                         inst_barrier_index ///
>                                                                 "Institutional barriers" ///
>                                                         land_barrier_index ///
>                                                                 "Land and tenure barriers" ///
>                                                         female_manager ///
>                                                                 "Female manager" ///
>                                                         manager_age ///
>                                                                 "Manager age" ///
>                                                         manager_age_sq ///
>                                                                 "Manager age squared" ///
>                                                         manager_lowedu ///
>                                                                 "Manager cannot read or write", ///
>                                                         modify

. 
. * align identical coefficients across models
.         collect layout          (colname#result[_r_b _r_se] ///
>                                                  result[N r2]) ///
>                                                 (cmdset#stars)

Collection: ETable
      Rows: colname#result[_r_b _r_se] result[N r2]
   Columns: cmdset#stars
   Table 1: 46 x 6

Barrier domains and CSA adoption outcomes
-------------------------------------------------------------
                                  1          2          3    
-------------------------------------------------------------
Economic barriers             -0.080 *   -0.019      0.025   
                             (0.038)    (0.014)    (0.028)   
Institutional barriers        -0.422 **  -0.074 **  -0.016   
                             (0.035)    (0.013)    (0.027)   
Land and tenure barriers       0.318 **  -0.044 **  -0.226 **
                             (0.028)    (0.010)    (0.021)   
Female manager                -0.029     -0.014      0.007   
                             (0.024)    (0.010)    (0.020)   
Manager age                    0.003      0.006 **   0.003   
                             (0.004)    (0.002)    (0.003)   
Manager age squared           -0.000     -0.000 **  -0.000   
                             (0.000)    (0.000)    (0.000)   
Manager cannot read or write   0.009     -0.011     -0.007   
                             (0.023)    (0.009)    (0.018)   
wave                                                         
  2                           -0.127      0.486 **   0.410 **
                             (0.095)    (0.011)    (0.073)   
  3                           -0.256 **   0.495 **   0.396 **
                             (0.097)    (0.011)    (0.073)   
  4                            0.009      0.560 **   0.203 **
                             (0.096)    (0.012)    (0.074)   
  5                           -0.044      0.528 **   0.154 * 
                             (0.097)    (0.013)    (0.074)   
Region Code                                                  
  Afar                         0.474 **   0.023      0.300 **
                             (0.176)    (0.029)    (0.097)   
  Amhara                       0.085 **  -0.016      0.003   
                             (0.032)    (0.010)    (0.027)   
  Oromia                      -0.366 **  -0.185 **  -0.225 **
                             (0.035)    (0.012)    (0.029)   
  Somalie                     -0.014     -0.105 **   0.023   
                             (0.173)    (0.032)    (0.188)   
  Benshagul Gumuz             -0.401 **  -0.292 **  -0.404 **
                             (0.046)    (0.023)    (0.040)   
  SNNP                        -0.703 **  -0.247 **  -0.332 **
                             (0.034)    (0.012)    (0.027)   
  Gambelia                    -0.994 **  -0.774 **  -1.098 **
                             (0.037)    (0.017)    (0.034)   
  Harari                       0.074      0.048 **   0.371 **
                             (0.050)    (0.013)    (0.051)   
  Diredwa                      0.140 *    0.090 **   0.408 **
                             (0.059)    (0.012)    (0.046)   
Intercept                      0.561 **   0.273 **   1.021 **
                             (0.135)    (0.041)    (0.109)   
Number of observations         38689      66151      38689   
R-squared                       0.15       0.19       0.15   
-------------------------------------------------------------
** p<.01, * p<.05
All models include wave and region fixed effects. Standard
errors are clustered by holder.

. 
. * format table cells and headers
.         collect style header    result[_r_b _r_se], ///
>                                                         level(hide)

. 
.         collect style header    cmdset, ///
>                                                         level(label)

. 
.         collect style cell      result[_r_b _r_se], ///
>                                                         nformat(%9.3f)

. 
.         collect style cell      result[_r_se], ///
>                                                         sformat("(%s)")

. 
.         collect style column,   extraspace(1)

. 
.         collect style putdocx, ///
>                                                         width(100%) ///
>                                                         halign(center)

. 
. * export corrected table
.         collect export          "$export/table_domain_models.docx", ///
>                                                         replace
(collection ETable exported to file C:/Users/tijer/git/UROC/climate-smart-ag-adoption/05-climate-smart/output/table_domain_models.docx)

.         
.         
. ************************************************************************
. **# 12 - estimate any-csa robustness model
. ************************************************************************
. 
. * estimate logit model for any CSA adoption
.         logit                           any_csa ///
>                                                 `barriers' ///
>                                                 `manager' ///
>                                                 i.wave i.admin_1 ///
>                                                 if sample_any == 1, ///
>                                                 vce(cluster holder_cluster)

Iteration 0:  Log pseudolikelihood = -41473.828  
Iteration 1:  Log pseudolikelihood = -34828.926  
Iteration 2:  Log pseudolikelihood = -34684.441  
Iteration 3:  Log pseudolikelihood = -34683.243  
Iteration 4:  Log pseudolikelihood = -34683.243  

Logistic regression                                    Number of obs =  66,151
                                                       Wald chi2(20) = 2751.03
                                                       Prob > chi2   =  0.0000
Log pseudolikelihood = -34683.243                      Pseudo R2     =  0.1637

                           (Std. err. adjusted for 5,741 clusters in holder_cluster)
------------------------------------------------------------------------------------
                   |               Robust
           any_csa | Coefficient  std. err.      z    P>|z|     [95% conf. interval]
-------------------+----------------------------------------------------------------
econ_barrier_index |  -.1084037   .0783824    -1.38   0.167    -.2620304     .045223
inst_barrier_index |  -.4186659   .0712959    -5.87   0.000    -.5584033   -.2789285
land_barrier_index |  -.2552215    .057831    -4.41   0.000    -.3685682   -.1418748
    female_manager |  -.0717785   .0572536    -1.25   0.210    -.1839934    .0404364
       manager_age |   .0338548   .0086502     3.91   0.000     .0169007    .0508088
    manager_age_sq |  -.0002816   .0000843    -3.34   0.001    -.0004467   -.0001164
    manager_lowedu |  -.0702748    .052579    -1.34   0.181    -.1733277    .0327781
                   |
              wave |
                2  |   2.453216   .0654669    37.47   0.000     2.324903    2.581528
                3  |   2.500493   .0658879    37.95   0.000     2.371356    2.629631
                4  |   2.903529   .0794399    36.55   0.000     2.747829    3.059228
                5  |   2.691672   .0806218    33.39   0.000     2.533657    2.849688
                   |
           admin_1 |
             Afar  |   .1654382   .2831925     0.58   0.559    -.3896088    .7204853
           Amhara  |  -.1492151   .0835649    -1.79   0.074    -.3129994    .0145691
           Oromia  |  -1.201697   .0833462   -14.42   0.000    -1.365052   -1.038341
          Somalie  |   -.747119   .1820842    -4.10   0.000    -1.103998   -.3902405
  Benshagul Gumuz  |  -1.711326   .1185855   -14.43   0.000    -1.943749   -1.478903
             SNNP  |  -1.495153   .0812395   -18.40   0.000    -1.654379   -1.335926
         Gambelia  |  -4.423992   .1958789   -22.59   0.000    -4.807907   -4.040076
           Harari  |   .5188126    .133826     3.88   0.000     .2565185    .7811067
          Diredwa  |   .8592545   .1250498     6.87   0.000     .6141614    1.104348
                   |
             _cons |  -1.068033   .2317485    -4.61   0.000    -1.522251   -.6138142
------------------------------------------------------------------------------------

. 
. * store logit robustness model
.         estimates store         any_logit

.         
.         
. ************************************************************************
. **# 13 - estimate csa-count robustness model
. ************************************************************************
. 
. * estimate Poisson model for number of adopted CSA practices
.         poisson                         csa_count ///
>                                                 `barriers' ///
>                                                 `manager' ///
>                                                 i.wave i.admin_1 ///
>                                                 if sample_count == 1, ///
>                                                 vce(cluster holder_cluster) irr

Iteration 0:  Log pseudolikelihood = -46571.565  
Iteration 1:  Log pseudolikelihood = -46541.769  
Iteration 2:  Log pseudolikelihood = -46541.698  
Iteration 3:  Log pseudolikelihood = -46541.698  

Poisson regression                                     Number of obs =  38,689
                                                       Wald chi2(20) = 1151.69
                                                       Prob > chi2   =  0.0000
Log pseudolikelihood = -46541.698                      Pseudo R2     =  0.0380

                           (Std. err. adjusted for 4,717 clusters in holder_cluster)
------------------------------------------------------------------------------------
                   |               Robust
         csa_count |        IRR   std. err.      z    P>|z|     [95% conf. interval]
-------------------+----------------------------------------------------------------
econ_barrier_index |   1.020554   .0241275     0.86   0.389     .9743442    1.068956
inst_barrier_index |   .9822491   .0219666    -0.80   0.423     .9401252     1.02626
land_barrier_index |   .8194377   .0158487   -10.30   0.000     .7889563    .8510967
    female_manager |   1.005326   .0171861     0.31   0.756        .9722    1.039581
       manager_age |   1.002323   .0028411     0.82   0.413     .9967705    1.007907
    manager_age_sq |   .9999806   .0000278    -0.70   0.485      .999926    1.000035
    manager_lowedu |   .9942938   .0154862    -0.37   0.713     .9644001    1.025114
                   |
              wave |
                2  |   1.437782   .1112857     4.69   0.000     1.235405    1.673312
                3  |   1.422856   .1104458     4.54   0.000     1.222049     1.65666
                4  |   1.217715   .0953767     2.51   0.012     1.044422    1.419762
                5  |   1.158353   .0914756     1.86   0.063     .9922508    1.352262
                   |
           admin_1 |
             Afar  |   1.258995    .080628     3.60   0.000     1.110483    1.427369
           Amhara  |   1.005717   .0195039     0.29   0.769      .968207    1.044679
           Oromia  |   .8371894   .0190334    -7.82   0.000     .8007035    .8753379
          Somalie  |   1.023671   .1398792     0.17   0.864      .783156    1.338051
  Benshagul Gumuz  |   .6931778   .0279501    -9.09   0.000     .6405054    .7501818
             SNNP  |   .7591133   .0165345   -12.65   0.000     .7273883    .7922219
         Gambelia  |   .1070981   .0187623   -12.75   0.000     .0759734     .150974
           Harari  |   1.298692   .0419909     8.08   0.000     1.218945    1.383656
          Diredwa  |   1.325146   .0375846     9.93   0.000     1.253492    1.400896
                   |
             _cons |    .994708   .1045991    -0.05   0.960     .8094444    1.222374
------------------------------------------------------------------------------------
Note: _cons estimates baseline incidence rate.

. 
. * store Poisson robustness model
.         estimates store         count_poisson

.         
.         
. ************************************************************************
. **# 14 - estimate practice-specific robustness models
. ************************************************************************
. 
. * estimate irrigation-adoption logit model
.         quietly logit           csa_irr ///
>                                                 `barriers' ///
>                                                 `manager' ///
>                                                 i.wave i.admin_1 ///
>                                                 if sample_irr == 1, ///
>                                                 vce(cluster holder_cluster)

. 
.         estimates store         irr_logit

. 
. * estimate improved-seed adoption logit model
.         quietly logit           csa_seed ///
>                                                 `barriers' ///
>                                                 `manager' ///
>                                                 i.wave i.admin_1 ///
>                                                 if sample_seed == 1, ///
>                                                 vce(cluster holder_cluster)

. 
.         estimates store         seed_logit

. 
. * estimate soil-management adoption logit model
.         quietly logit           csa_soil ///
>                                                 `barriers' ///
>                                                 `manager' ///
>                                                 i.wave i.admin_1 ///
>                                                 if sample_soil == 1, ///
>                                                 vce(cluster holder_cluster)

. 
.         estimates store         soil_logit

. 
. * estimate conservation-adoption logit model
.         quietly logit           csa_cons ///
>                                                 `barriers' ///
>                                                 `manager' ///
>                                                 i.wave i.admin_1 ///
>                                                 if sample_cons == 1, ///
>                                                 vce(cluster holder_cluster)

. 
.         estimates store         cons_logit

. 
. * display barrier-domain odds ratios separately
.         foreach model in        irr_logit ///
>                                                 seed_logit ///
>                                                 soil_logit ///
>                                                 cons_logit {
  2. 
.                 estimates table `model', ///
>                                                         keep(`barriers') ///
>                                                         eform ///
>                                                         b(%9.3f) ///
>                                                         se(%9.3f) ///
>                                                         stats(N)
  3.         }

--------------------------
    Variable | irr_logit  
-------------+------------
econ_barri~x |     1.564  
             |     0.268  
inst_barri~x |     0.568  
             |     0.097  
land_barri~x |     0.491  
             |     0.061  
-------------+------------
           N |     65972  
--------------------------
              Legend: b/se

--------------------------
    Variable | seed_lo~t  
-------------+------------
econ_barri~x |     0.742  
             |     0.067  
inst_barri~x |     0.170  
             |     0.017  
land_barri~x |     1.042  
             |     0.069  
-------------+------------
           N |     59141  
--------------------------
              Legend: b/se

--------------------------
    Variable | soil_lo~t  
-------------+------------
econ_barri~x |     1.279  
             |     0.090  
inst_barri~x |     2.133  
             |     0.155  
land_barri~x |     0.244  
             |     0.017  
-------------+------------
           N |     43543  
--------------------------
              Legend: b/se

--------------------------
    Variable | cons_lo~t  
-------------+------------
econ_barri~x |     0.928  
             |     0.085  
inst_barri~x |     0.851  
             |     0.067  
land_barri~x |     1.285  
             |     0.088  
-------------+------------
           N |     61174  
--------------------------
              Legend: b/se

.         
. 
. ************************************************************************
. **# 15 - create adjusted-prediction figure
. ************************************************************************
. 
. * restore primary any-CSA model
.         estimates restore       any_domains
(results any_domains are active now)

. 
. * estimate adjusted probability across institutional-barrier values
.         margins,                        at( ///
>                                                         inst_barrier_index = ///
>                                                         (0(.10)1))

Predictive margins                                      Number of obs = 66,151
Model VCE: Robust

Expression: Linear prediction, predict()
1._at:  inst_barrier_i~x =  0
2._at:  inst_barrier_i~x = .1
3._at:  inst_barrier_i~x = .2
4._at:  inst_barrier_i~x = .3
5._at:  inst_barrier_i~x = .4
6._at:  inst_barrier_i~x = .5
7._at:  inst_barrier_i~x = .6
8._at:  inst_barrier_i~x = .7
9._at:  inst_barrier_i~x = .8
10._at: inst_barrier_i~x = .9
11._at: inst_barrier_i~x =  1

------------------------------------------------------------------------------
             |            Delta-method
             |     Margin   std. err.      t    P>|t|     [95% conf. interval]
-------------+----------------------------------------------------------------
         _at |
          1  |   .7134002   .0069694   102.36   0.000     .6997376    .7270628
          2  |   .7060419   .0059702   118.26   0.000     .6943382    .7177457
          3  |   .6986837   .0050982   137.04   0.000     .6886892    .7086782
          4  |   .6913255   .0044294   156.08   0.000     .6826421    .7000088
          5  |   .6839672   .0040653   168.25   0.000     .6759977    .6919367
          6  |    .676609    .004088   165.51   0.000     .6685949    .6846231
          7  |   .6692507   .0044918   148.99   0.000     .6604451    .6780564
          8  |   .6618925   .0051884   127.57   0.000     .6517213    .6720637
          9  |   .6545343   .0060779   107.69   0.000     .6426193    .6664493
         10  |    .647176   .0070881    91.30   0.000     .6332807    .6610714
         11  |   .6398178   .0081744    78.27   0.000     .6237929    .6558427
------------------------------------------------------------------------------

. 
. * plot adjusted probability of any CSA adoption
.         marginsplot,            ///
>                                                 title( ///
>                                                         "Institutional barriers and CSA adoption") ///
>                                                 xtitle( ///
>                                                         "Share of institutional barriers present") ///
>                                                 ytitle( ///
>                                                         "Adjusted probability of adoption") ///
>                                                 xlabel(0(.20)1) ///
>                                                 ylabel( ///
>                                                         .62 "62%" ///
>                                                         .64 "64%" ///
>                                                         .66 "66%" ///
>                                                         .68 "68%" ///
>                                                         .70 "70%" ///
>                                                         .72 "72%", ///
>                                                         angle(horizontal)) ///
>                                                 legend(off) ///
>                                                 name(inst_any_figure, replace)

Variables that uniquely identify margins: inst_barrier_index

. 
. * export poster figure
.         graph export            "$export/figure_inst_barrier_any_csa.png", ///
>                                                 replace ///
>                                                 width(2400)
file C:/Users/tijer/git/UROC/climate-smart-ag-adoption/05-climate-smart/output/figure_inst_barrier_any_csa.png saved as PNG format

. 
.         graph export            "$export/figure_inst_barrier_any_csa.pdf", ///
>                                                 replace
file C:/Users/tijer/git/UROC/climate-smart-ag-adoption/05-climate-smart/output/figure_inst_barrier_any_csa.pdf saved as PDF format

.                                                 
.                                                 
. ************************************************************************
. **# 16 - export compact latex table
. ************************************************************************
. 
. * clear previous table collection
.         collect clear

. 
. * shorten barrier labels
.         label variable          econ_barrier_index ///
>                                                 "Economic barriers"

. 
.         label variable          inst_barrier_index ///
>                                                 "Institutional barriers"

. 
.         label variable          land_barrier_index ///
>                                                 "Land and tenure barriers"

. 
. * create compact table of aggregate outcomes
.         etable,                         estimates( ///
>                                                         pca_domains ///
>                                                         any_domains ///
>                                                         count_domains) ///
>                                                 keep( ///
>                                                         econ_barrier_index ///
>                                                         inst_barrier_index ///
>                                                         land_barrier_index) ///
>                                                 column(index) ///
>                                                 mstat(N) ///
>                                                 mstat(r2) ///
>                                                 showstars ///
>                                                 showstarsnote ///
>                                                 title( ///
>                                                         "Barrier domains and CSA adoption outcomes") ///
>                                                 note( ///
>                                                         "Manager characteristics, wave fixed effects, and region fixed effects are included but not displayed. Standa
> rd errors are clustered by holder.")

Barrier domains and CSA adoption outcomes
---------------------------------------------------------
                              1          2          3    
---------------------------------------------------------
Economic barriers         -0.080 *                       
                         (0.038)                         
Institutional barriers    -0.422 **                      
                         (0.035)                         
Land and tenure barriers   0.318 **                      
                         (0.028)                         
Economic barriers                    -0.019              
                                    (0.014)              
Institutional barriers               -0.074 **           
                                    (0.013)              
Land and tenure barriers             -0.044 **           
                                    (0.010)              
Economic barriers                                0.025   
                                               (0.028)   
Institutional barriers                          -0.016   
                                               (0.027)   
Land and tenure barriers                        -0.226 **
                                               (0.021)   
Number of observations     38689      66151      38689   
R-squared                   0.15       0.19       0.15   
---------------------------------------------------------
** p<.01, * p<.05
Manager characteristics, wave fixed effects, and region
fixed effects are included but not displayed. Standard
errors are clustered by holder.

. 
. * label model columns
.         collect label levels    cmdset ///
>                                                         1 "PCA index" ///
>                                                         2 "Any CSA" ///
>                                                         3 "CSA count", ///
>                                                         modify

. 
. * export table-only LaTeX code
.         collect export          "$export/table_domain_models.tex", ///
>                                                         tableonly replace
(collection ETable exported to file C:/Users/tijer/git/UROC/climate-smart-ag-adoption/05-climate-smart/output/table_domain_models.tex)

.                                                         
.                                                         
. ************************************************************************
. **# 17 - create practice-specific coefficient figure
. ************************************************************************
. 
. * create temporary file for practice-specific coefficients
.         tempname                        coefpost

.         tempfile                        practice_coefs

. 
.         postfile                        `coefpost' ///
>                                                 str20 outcome ///
>                                                 byte outcome_order ///
>                                                 str30 barrier ///
>                                                 byte barrier_order ///
>                                                 double b se ///
>                                                 using `practice_coefs', replace
(file C:\Users\tijer\AppData\Local\Temp\ST_c4c_000005.tmp not found)

. 
. * collect irrigation coefficients
.         estimates restore       irr_domains
(results irr_domains are active now)

. 
.         post                            `coefpost' ///
>                                                 ("Irrigation") (1) ///
>                                                 ("Economic barriers") (1) ///
>                                                 (_b[econ_barrier_index]) ///
>                                                 (_se[econ_barrier_index])

. 
.         post                            `coefpost' ///
>                                                 ("Irrigation") (1) ///
>                                                 ("Institutional barriers") (2) ///
>                                                 (_b[inst_barrier_index]) ///
>                                                 (_se[inst_barrier_index])

. 
.         post                            `coefpost' ///
>                                                 ("Irrigation") (1) ///
>                                                 ("Land and tenure barriers") (3) ///
>                                                 (_b[land_barrier_index]) ///
>                                                 (_se[land_barrier_index])

. 
. * collect improved-seed coefficients
.         estimates restore       seed_domains
(results seed_domains are active now)

. 
.         post                            `coefpost' ///
>                                                 ("Improved seed") (2) ///
>                                                 ("Economic barriers") (1) ///
>                                                 (_b[econ_barrier_index]) ///
>                                                 (_se[econ_barrier_index])

. 
.         post                            `coefpost' ///
>                                                 ("Improved seed") (2) ///
>                                                 ("Institutional barriers") (2) ///
>                                                 (_b[inst_barrier_index]) ///
>                                                 (_se[inst_barrier_index])

. 
.         post                            `coefpost' ///
>                                                 ("Improved seed") (2) ///
>                                                 ("Land and tenure barriers") (3) ///
>                                                 (_b[land_barrier_index]) ///
>                                                 (_se[land_barrier_index])

. 
. * collect soil-management coefficients
.         estimates restore       soil_domains
(results soil_domains are active now)

. 
.         post                            `coefpost' ///
>                                                 ("Soil management") (3) ///
>                                                 ("Economic barriers") (1) ///
>                                                 (_b[econ_barrier_index]) ///
>                                                 (_se[econ_barrier_index])

. 
.         post                            `coefpost' ///
>                                                 ("Soil management") (3) ///
>                                                 ("Institutional barriers") (2) ///
>                                                 (_b[inst_barrier_index]) ///
>                                                 (_se[inst_barrier_index])

. 
.         post                            `coefpost' ///
>                                                 ("Soil management") (3) ///
>                                                 ("Land and tenure barriers") (3) ///
>                                                 (_b[land_barrier_index]) ///
>                                                 (_se[land_barrier_index])

. 
. * collect conservation coefficients
.         estimates restore       cons_domains
(results cons_domains are active now)

. 
.         post                            `coefpost' ///
>                                                 ("Conservation") (4) ///
>                                                 ("Economic barriers") (1) ///
>                                                 (_b[econ_barrier_index]) ///
>                                                 (_se[econ_barrier_index])

. 
.         post                            `coefpost' ///
>                                                 ("Conservation") (4) ///
>                                                 ("Institutional barriers") (2) ///
>                                                 (_b[inst_barrier_index]) ///
>                                                 (_se[inst_barrier_index])

. 
.         post                            `coefpost' ///
>                                                 ("Conservation") (4) ///
>                                                 ("Land and tenure barriers") (3) ///
>                                                 (_b[land_barrier_index]) ///
>                                                 (_se[land_barrier_index])

. 
.         postclose                       `coefpost'

. 
. * construct confidence intervals and plotting positions
.         preserve

. 
.                 use                             `practice_coefs', clear

. 
.                 gen                                     ci_low = b - 1.96 * se

.                 gen                                     ci_high = b + 1.96 * se

. 
.                 gen                                     y_position = outcome_order

.                 replace                         y_position = y_position - .18 ///
>                                                                 if barrier_order == 1
(4 real changes made)

.                 replace                         y_position = y_position + .18 ///
>                                                                 if barrier_order == 3
(4 real changes made)

. 
. * plot practice-specific barrier coefficients
.                 twoway                          ///
>                         (rcap ci_low ci_high y_position ///
>                                 if barrier_order == 1, ///
>                                 horizontal ///
>                                 lcolor(navy) ///
>                                 lwidth(medthin)) ///
>                         (scatter y_position b ///
>                                 if barrier_order == 1, ///
>                                 msymbol(O) ///
>                                 mcolor(navy) ///
>                                 msize(medsmall)) ///
>                         (rcap ci_low ci_high y_position ///
>                                 if barrier_order == 2, ///
>                                 horizontal ///
>                                 lcolor(cranberry) ///
>                                 lwidth(medthin)) ///
>                         (scatter y_position b ///
>                                 if barrier_order == 2, ///
>                                 msymbol(D) ///
>                                 mcolor(cranberry) ///
>                                 msize(medsmall)) ///
>                         (rcap ci_low ci_high y_position ///
>                                 if barrier_order == 3, ///
>                                 horizontal ///
>                                 lcolor(forest_green) ///
>                                 lwidth(medthin)) ///
>                         (scatter y_position b ///
>                                 if barrier_order == 3, ///
>                                 msymbol(T) ///
>                                 mcolor(forest_green) ///
>                                 msize(medsmall)), ///
>                         xline(0, ///
>                                 lpattern(dash) ///
>                                 lcolor(gs8)) ///
>                         xlabel(-.30(.10).20, ///
>                                 format(%4.1f) ///
>                                 labsize(small)) ///
>                         ylabel( ///
>                                 1 "Irrigation" ///
>                                 2 "Improved seed" ///
>                                 3 "Soil management" ///
>                                 4 "Conservation", ///
>                                 angle(horizontal) ///
>                                 labsize(small) ///
>                                 noticks) ///
>                         yscale(reverse) ///
>                         xtitle( ///
>                                 "Change in adoption probability", ///
>                                 size(medsmall)) ///
>                         ytitle("") ///
>                         title( ///
>                                 "Barrier domains and CSA practice adoption", ///
>                                 size(medium)) ///
>                         subtitle( ///
>                                 "Linear probability estimates with 95% confidence intervals", ///
>                                 size(small)) ///
>                         legend( ///
>                                 order( ///
>                                         2 "Economic" ///
>                                         4 "Institutional" ///
>                                         6 "Land/tenure") ///
>                                 cols(3) ///
>                                 position(6) ///
>                                 ring(1) ///
>                                 size(small) ///
>                                 region(lcolor(none))) ///
>                         graphregion(color(white)) ///
>                         plotregion(color(white)) ///
>                         xsize(8.5) ///
>                         ysize(5.5) ///
>                         scheme(stcolor_alt) ///
>                         name(practice_coef_figure, replace)

. 
. * export practice-specific coefficient figure
.                 graph export            "$export/figure_practice_barrier_coefficients.png", ///
>                                                                 replace ///
>                                                                 width(3000)
file C:/Users/tijer/git/UROC/climate-smart-ag-adoption/05-climate-smart/output/figure_practice_barrier_coefficients.png saved as PNG format

. 
.                 graph export            "$export/figure_practice_barrier_coefficients.pdf", ///
>                                                                 replace
file C:/Users/tijer/git/UROC/climate-smart-ag-adoption/05-climate-smart/output/figure_practice_barrier_coefficients.pdf saved as PDF format

. 
.         restore

.         
.         
. ************************************************************************
. **# 18 - export overall-barrier latex table
. ************************************************************************
. 
. * clear previous collection
.         collect clear

. 
. * create compact overall-barrier table
.         etable,                         estimates( ///
>                                                         pca_overall ///
>                                                         any_overall ///
>                                                         count_overall) ///
>                                                 keep( ///
>                                                         overall_barrier_index) ///
>                                                 column(index) ///
>                                                 mstat(N) ///
>                                                 mstat(r2) ///
>                                                 showstars ///
>                                                 showstarsnote ///
>                                                 title( ///
>                                                         "Overall barriers and CSA adoption outcomes") ///
>                                                 note( ///
>                                                         "Manager characteristics, wave fixed effects, and region fixed effects are included but not displayed. Standa
> rd errors are clustered by holder.")

Overall barriers and CSA adoption outcomes
------------------------------------------------------------------------------
                                                   1          2          3    
------------------------------------------------------------------------------
Average barrier share across observed domains  -0.216 **                      
                                              (0.057)                         
Average barrier share across observed domains             -0.142 **           
                                                         (0.021)              
Average barrier share across observed domains                        -0.217 **
                                                                    (0.042)   
Number of observations                          38689      66151      38689   
R-squared                                        0.13       0.19       0.15   
------------------------------------------------------------------------------
** p<.01, * p<.05
Manager characteristics, wave fixed effects, and region fixed effects are
included but not displayed. Standard errors are clustered by holder.

. 
. * label model columns
.         collect label levels    cmdset ///
>                                                         1 "PCA index" ///
>                                                         2 "Any CSA" ///
>                                                         3 "CSA count", ///
>                                                         modify

. 
. * label displayed coefficient
.         collect label levels    colname ///
>                                                         overall_barrier_index ///
>                                                         "Overall barrier index", ///
>                                                         modify

. 
. * export table-only LaTeX code
.         collect export          "$export/table_overall_models.tex", ///
>                                                         tableonly replace
(collection ETable exported to file C:/Users/tijer/git/UROC/climate-smart-ag-adoption/05-climate-smart/output/table_overall_models.tex)

.                                                         
.                                                         
. ************************************************************************
. **# 19 - identify dominant barrier by region
. ************************************************************************
. 
. * calculate average barrier-domain indices by region
.         preserve

. 
.                 keep                            if !missing(admin_1)
(647 observations deleted)

. 
.                 collapse                        (mean) ///
>                                                                 econ_barrier_index ///
>                                                                 inst_barrier_index ///
>                                                                 land_barrier_index, ///
>                                                                 by(admin_1)

. 
. * identify the largest average barrier domain
.                 egen                            max_barrier = rowmax( ///
>                                                                 econ_barrier_index ///
>                                                                 inst_barrier_index ///
>                                                                 land_barrier_index)

. 
.                 gen                                     dominant_barrier = 1 ///
>                                                                 if econ_barrier_index == max_barrier

. 
.                 replace                         dominant_barrier = 2 ///
>                                                                 if inst_barrier_index == max_barrier
(0 real changes made)

. 
.                 replace                         dominant_barrier = 3 ///
>                                                                 if land_barrier_index == max_barrier
(0 real changes made)

. 
. * label dominant barrier domains
.                 label define            dominant_barrier_lbl ///
>                                                                 1 "Economic barriers" ///
>                                                                 2 "Institutional barriers" ///
>                                                                 3 "Land and tenure barriers"

. 
.                 label values            dominant_barrier ///
>                                                                 dominant_barrier_lbl

. 
. * inspect regional results
.                 sort                            admin_1

. 
.                 list                            admin_1 ///
>                                                                 econ_barrier_index ///
>                                                                 inst_barrier_index ///
>                                                                 land_barrier_index ///
>                                                                 dominant_barrier, ///
>                                                                 noobs abbreviate(24)

  +----------------------------------------------------------------------------------------------------+
  |         admin_1   econ_barrier_index   inst_barrier_index   land_barrier_index    dominant_barrier |
  |----------------------------------------------------------------------------------------------------|
  |          Tigray             .7161175             .3422334             .2051345   Economic barriers |
  |            Afar             .9483696             .5543478             .2668488   Economic barriers |
  |          Amhara             .7936364             .4391818             .1972295   Economic barriers |
  |          Oromia              .817045             .3949785             .1380714   Economic barriers |
  |         Somalie             .8956159             .7453027             .1090147   Economic barriers |
  |----------------------------------------------------------------------------------------------------|
  | Benshagul Gumuz               .83714             .4711602             .2006905   Economic barriers |
  |            SNNP             .8224297             .4808123             .0951939   Economic barriers |
  |        Gambelia             .9210159             .5923424             .2031963   Economic barriers |
  |          Harari             .8782702             .4202832              .114054   Economic barriers |
  |         Diredwa              .861024             .6357541             .1609977   Economic barriers |
  +----------------------------------------------------------------------------------------------------+

. 
. * save regional data for mapping
.                 save                            "$export/region_dominant_barrier.dta", ///
>                                                                 replace
file C:/Users/tijer/git/UROC/climate-smart-ag-adoption/05-climate-smart/output/region_dominant_barrier.dta saved

. 
.         restore

.         
.         
. ************************************************************************
. **# 20 - estimate pca lasso model
. ************************************************************************
. 
. * select additional controls for PCA outcome
.         lasso linear            csa_pca_index ///
>                                                 (`barriers' ///
>                                                 `manager' ///
>                                                 i.wave i.admin_1) ///
>                                                 `candidates' ///
>                                                 if sample_select_pca == 1, ///
>                                                 selection(cv) ///
>                                                 cluster(holder_cluster) ///
>                                                 rseed(20260730)

10-fold cross-validation with 100 lambdas ...
Grid value 1:     lambda = .0014773   no. of nonzero coef. = 20
Folds: 1...5....10   CVF = .9510074
Grid value 2:     lambda = .0013461   no. of nonzero coef. = 21
Folds: 1...5....10   CVF = .9510286
Grid value 3:     lambda = .0012265   no. of nonzero coef. = 21
Folds: 1...5....10   CVF =  .951047
Grid value 4:     lambda = .0011176   no. of nonzero coef. = 21
Folds: 1...5....10   CVF = .9510644
Grid value 5:     lambda = .0010183   no. of nonzero coef. = 21
Folds: 1...5....10   CVF = .9510776
Grid value 6:     lambda = .0009278   no. of nonzero coef. = 21
Folds: 1...5....10   CVF = .9510931
Grid value 7:     lambda = .0008454   no. of nonzero coef. = 21
Folds: 1...5....10   CVF = .9511067
Grid value 8:     lambda = .0007703   no. of nonzero coef. = 21
Folds: 1...5....10   CVF = .9511151
Grid value 9:     lambda = .0007019   no. of nonzero coef. = 21
Folds: 1...5....10   CVF = .9511171
Grid value 10:    lambda = .0006395   no. of nonzero coef. = 22
Folds: 1...5....10   CVF = .9511266
Grid value 11:    lambda = .0005827   no. of nonzero coef. = 22
Folds: 1...5....10   CVF = .9511494
Grid value 12:    lambda = .0005309   no. of nonzero coef. = 22
Folds: 1...5....10   CVF = .9511715
Grid value 13:    lambda = .0004838   no. of nonzero coef. = 22
Folds: 1...5....10   CVF =  .951196
Grid value 14:    lambda = .0004408   no. of nonzero coef. = 22
Folds: 1...5....10   CVF = .9512263
Grid value 15:    lambda = .0004016   no. of nonzero coef. = 22
Folds: 1...5....10   CVF = .9512564
Grid value 16:    lambda = .0003659   no. of nonzero coef. = 23
Folds: 1...5....10   CVF = .9512881
Grid value 17:    lambda = .0003334   no. of nonzero coef. = 23
Folds: 1...5....10   CVF = .9513144
Grid value 18:    lambda = .0003038   no. of nonzero coef. = 23
Folds: 1...5....10   CVF = .9513359
Grid value 19:    lambda = .0002768   no. of nonzero coef. = 23
Folds: 1...5....10   CVF = .9513555
Grid value 20:    lambda = .0002522   no. of nonzero coef. = 23
Folds: 1...5....10   CVF = .9513736
Grid value 21:    lambda = .0002298   no. of nonzero coef. = 23
Folds: 1...5....10   CVF =  .951391
Grid value 22:    lambda = .0002094   no. of nonzero coef. = 23
Folds: 1...5....10   CVF = .9513964
Grid value 23:    lambda = .0001908   no. of nonzero coef. = 23
Folds: 1...5....10   CVF = .9513962
Grid value 24:    lambda = .0001739   no. of nonzero coef. = 23
Folds: 1...5....10   CVF = .9513966
Grid value 25:    lambda = .0001584   no. of nonzero coef. = 23
Folds: 1...5....10   CVF = .9513974
Grid value 26:    lambda = .0001443   no. of nonzero coef. = 23
Folds: 1...5....10   CVF = .9513985
Grid value 27:    lambda = .0001315   no. of nonzero coef. = 23
Folds: 1...5....10   CVF = .9513999
Grid value 28:    lambda = .0001198   no. of nonzero coef. = 23
Folds: 1...5....10   CVF = .9514014
Grid value 29:    lambda = .0001092   no. of nonzero coef. = 23
Folds: 1...5....10   CVF =  .951403
Grid value 30:    lambda = .0000995   no. of nonzero coef. = 23
Folds: 1...5....10   CVF = .9514048
Grid value 31:    lambda = .0000906   no. of nonzero coef. = 23
Folds: 1...5....10   CVF = .9514066
... change in deviance stopping tolerance reached ... last lambda selected

Lasso linear model                          No. of obs        =     36,273
                                            No. of covariates =         26
Cluster  : holder_cluster                   No. of clusters   =      4,466
Selection: Cross-validation                 No. of CV folds   =         10

--------------------------------------------------------------------------
         |                                No. of      Out-of-      CV mean
         |                               nonzero       sample   prediction
      ID |     Description      lambda     coef.    R-squared        error
---------+----------------------------------------------------------------
     * 1 | selected lambda    .0014773        20       0.1453     .9510074
       2 |    lambda after    .0013461        21       0.1453     .9510286
      31 |     last lambda    .0000906        23       0.1449     .9514066
--------------------------------------------------------------------------
* lambda selected by cross-validation.

. 
. * store PCA lasso model
.         estimates store         pca_lasso

. 
. * display selected variables and postselection coefficients
.         lassocoef,                      display(coef, postselection)

------------------------------
                   | pca_lasso
-------------------+----------
econ_barrier_index | -.0309895
inst_barrier_index | -.6640735
land_barrier_index |  .2486103
    female_manager | -.0419611
       manager_age |   .002433
    manager_age_sq | -.0000334
    manager_lowedu |  .0260515
                   |
              wave |
                1  |         e
                2  | -.3063212
                3  | -.4282071
                4  |   -.11431
                5  | -.1641854
                   |
           admin_1 |
           Tigray  |         e
             Afar  |  .3407671
           Amhara  |  .0066735
           Oromia  | -.3363645
          Somalie  | -.2488726
  Benshagul Gumuz  | -.4419644
             SNNP  | -.6624521
         Gambelia  |  -.946496
           Harari  |   .051541
          Diredwa  |  .1935074
                   |
             _cons |    .79226
------------------------------
Legend:
  b - base level
  e - empty cell
  o - omitted

.         
.         
. ************************************************************************
. **# 21 - estimate pca elastic-net model
. ************************************************************************
. 
. * select additional controls for PCA outcome
.         elasticnet linear       csa_pca_index ///
>                                                 (`barriers' ///
>                                                 `manager' ///
>                                                 i.wave i.admin_1) ///
>                                                 `candidates' ///
>                                                 if sample_select_pca == 1, ///
>                                                 alpha(.25 .5 .75) ///
>                                                 selection(cv) ///
>                                                 cluster(holder_cluster) ///
>                                                 rseed(20260730)

alpha 1 of 3: alpha = .75

10-fold cross-validation with 113 lambdas ...
Grid value 1:     lambda = .0059094   no. of nonzero coef. = 20
Folds: 1...5....10   CVF = .9508735
Grid value 2:     lambda = .0053844   no. of nonzero coef. = 20
Folds: 1...5....10   CVF = .9508735
Grid value 3:     lambda = .0049061   no. of nonzero coef. = 20
Folds: 1...5....10   CVF = .9508735
Grid value 4:     lambda = .0044702   no. of nonzero coef. = 20
Folds: 1...5....10   CVF = .9508735
Grid value 5:     lambda = .0040731   no. of nonzero coef. = 20
Folds: 1...5....10   CVF = .9508735
Grid value 6:     lambda = .0037112   no. of nonzero coef. = 20
Folds: 1...5....10   CVF = .9508735
Grid value 7:     lambda = .0033816   no. of nonzero coef. = 20
Folds: 1...5....10   CVF = .9508769
Grid value 8:     lambda = .0030811   no. of nonzero coef. = 20
Folds: 1...5....10   CVF = .9508964
Grid value 9:     lambda = .0029547   no. of nonzero coef. = 20
Folds: 1...5....10   CVF = .9509048
Grid value 10:    lambda = .0026922   no. of nonzero coef. = 20
Folds: 1...5....10   CVF = .9509225
Grid value 11:    lambda =  .002453   no. of nonzero coef. = 20
Folds: 1...5....10   CVF = .9509446
Grid value 12:    lambda = .0022351   no. of nonzero coef. = 20
Folds: 1...5....10   CVF = .9509719
Grid value 13:    lambda = .0020365   no. of nonzero coef. = 20
Folds: 1...5....10   CVF =  .950998
Grid value 14:    lambda = .0019698   no. of nonzero coef. = 20
Folds: 1...5....10   CVF = .9510068
Grid value 15:    lambda = .0017948   no. of nonzero coef. = 21
Folds: 1...5....10   CVF =  .951028
Grid value 16:    lambda = .0016354   no. of nonzero coef. = 21
Folds: 1...5....10   CVF = .9510464
Grid value 17:    lambda = .0014901   no. of nonzero coef. = 21
Folds: 1...5....10   CVF = .9510638
Grid value 18:    lambda = .0013577   no. of nonzero coef. = 21
Folds: 1...5....10   CVF =  .951077
Grid value 19:    lambda = .0012371   no. of nonzero coef. = 21
Folds: 1...5....10   CVF = .9510924
Grid value 20:    lambda = .0011272   no. of nonzero coef. = 21
Folds: 1...5....10   CVF = .9511061
Grid value 21:    lambda =  .001027   no. of nonzero coef. = 21
Folds: 1...5....10   CVF = .9511145
Grid value 22:    lambda = .0009358   no. of nonzero coef. = 21
Folds: 1...5....10   CVF = .9511166
Grid value 23:    lambda = .0008527   no. of nonzero coef. = 22
Folds: 1...5....10   CVF =  .951126
Grid value 24:    lambda = .0007769   no. of nonzero coef. = 22
Folds: 1...5....10   CVF = .9511484
Grid value 25:    lambda = .0007079   no. of nonzero coef. = 22
Folds: 1...5....10   CVF = .9511702
Grid value 26:    lambda =  .000645   no. of nonzero coef. = 22
Folds: 1...5....10   CVF = .9511944
Grid value 27:    lambda = .0005877   no. of nonzero coef. = 22
Folds: 1...5....10   CVF = .9512243
Grid value 28:    lambda = .0005355   no. of nonzero coef. = 22
Folds: 1...5....10   CVF = .9512542
Grid value 29:    lambda = .0004879   no. of nonzero coef. = 23
Folds: 1...5....10   CVF = .9512857
Grid value 30:    lambda = .0004446   no. of nonzero coef. = 23
Folds: 1...5....10   CVF = .9513118
Grid value 31:    lambda = .0004051   no. of nonzero coef. = 23
Folds: 1...5....10   CVF = .9513333
Grid value 32:    lambda = .0003691   no. of nonzero coef. = 23
Folds: 1...5....10   CVF = .9513529
Grid value 33:    lambda = .0003363   no. of nonzero coef. = 23
Folds: 1...5....10   CVF = .9513711
Grid value 34:    lambda = .0003064   no. of nonzero coef. = 23
Folds: 1...5....10   CVF = .9513884
Grid value 35:    lambda = .0002792   no. of nonzero coef. = 23
Folds: 1...5....10   CVF =  .951394
Grid value 36:    lambda = .0002544   no. of nonzero coef. = 23
Folds: 1...5....10   CVF =  .951394
Grid value 37:    lambda = .0002318   no. of nonzero coef. = 23
Folds: 1...5....10   CVF = .9513945
Grid value 38:    lambda = .0002112   no. of nonzero coef. = 23
Folds: 1...5....10   CVF = .9513955
Grid value 39:    lambda = .0001925   no. of nonzero coef. = 23
Folds: 1...5....10   CVF = .9513967
Grid value 40:    lambda = .0001754   no. of nonzero coef. = 23
Folds: 1...5....10   CVF = .9513982
Grid value 41:    lambda = .0001598   no. of nonzero coef. = 23
Folds: 1...5....10   CVF = .9513998
Grid value 42:    lambda = .0001456   no. of nonzero coef. = 23
Folds: 1...5....10   CVF = .9514016
Grid value 43:    lambda = .0001326   no. of nonzero coef. = 23
Folds: 1...5....10   CVF = .9514035
Grid value 44:    lambda = .0001209   no. of nonzero coef. = 23
Folds: 1...5....10   CVF = .9514054
Grid value 45:    lambda = .0001101   no. of nonzero coef. = 23
Folds: 1...5....10   CVF = .9514073
Grid value 46:    lambda = .0001003   no. of nonzero coef. = 23
Folds: 1...5....10   CVF = .9514091
Grid value 47:    lambda = .0000914   no. of nonzero coef. = 24
Folds: 1...5....10   CVF = .9514109
Grid value 48:    lambda = .0000833   no. of nonzero coef. = 24
Folds: 1...5....10   CVF = .9514125
Grid value 49:    lambda = .0000759   no. of nonzero coef. = 24
Folds: 1...5....10   CVF = .9514141
Grid value 50:    lambda = .0000692   no. of nonzero coef. = 24
Folds: 1...5....10   CVF = .9514156
Grid value 51:    lambda =  .000063   no. of nonzero coef. = 24
Folds: 1...5....10   CVF =  .951417
Grid value 52:    lambda = .0000574   no. of nonzero coef. = 24
Folds: 1...5....10   CVF = .9514183
Grid value 53:    lambda = .0000523   no. of nonzero coef. = 24
Folds: 1...5....10   CVF = .9514196
Grid value 54:    lambda = .0000477   no. of nonzero coef. = 24
Folds: 1...5....10   CVF = .9514208
Grid value 55:    lambda = .0000434   no. of nonzero coef. = 24
Folds: 1...5....10   CVF = .9514219
Grid value 56:    lambda = .0000396   no. of nonzero coef. = 24
Folds: 1...5....10   CVF = .9514229
Grid value 57:    lambda = .0000361   no. of nonzero coef. = 24
Folds: 1...5....10   CVF = .9514238
Grid value 58:    lambda = .0000329   no. of nonzero coef. = 24
Folds: 1...5....10   CVF = .9514247
Grid value 59:    lambda = .0000299   no. of nonzero coef. = 24
Folds: 1...5....10   CVF = .9514254
Grid value 60:    lambda = .0000273   no. of nonzero coef. = 24
Folds: 1...5....10   CVF = .9514262
Grid value 61:    lambda = .0000249   no. of nonzero coef. = 24
Folds: 1...5....10   CVF = .9514268
Grid value 62:    lambda = .0000226   no. of nonzero coef. = 24
Folds: 1...5....10   CVF = .9514274
Grid value 63:    lambda = .0000206   no. of nonzero coef. = 24
Folds: 1...5....10   CVF =  .951428
Grid value 64:    lambda = .0000188   no. of nonzero coef. = 24
Folds: 1...5....10   CVF = .9514285
Grid value 65:    lambda = .0000171   no. of nonzero coef. = 24
Folds: 1...5....10   CVF =  .951429
Grid value 66:    lambda = .0000156   no. of nonzero coef. = 24
Folds: 1...5....10   CVF = .9514294
Grid value 67:    lambda = .0000142   no. of nonzero coef. = 24
Folds: 1...5....10   CVF = .9514298
Grid value 68:    lambda =  .000013   no. of nonzero coef. = 24
Folds: 1...5....10   CVF = .9514302
Grid value 69:    lambda = .0000118   no. of nonzero coef. = 24
Folds: 1...5....10   CVF = .9514305
Grid value 70:    lambda = .0000108   no. of nonzero coef. = 24
Folds: 1...5....10   CVF = .9514308
Grid value 71:    lambda = 9.80e-06   no. of nonzero coef. = 24
Folds: 1...5....10   CVF = .9514311
Grid value 72:    lambda = 8.93e-06   no. of nonzero coef. = 24
Folds: 1...5....10   CVF = .9514313
Grid value 73:    lambda = 8.14e-06   no. of nonzero coef. = 24
Folds: 1...5....10   CVF = .9514316
Grid value 74:    lambda = 7.42e-06   no. of nonzero coef. = 24
Folds: 1...5....10   CVF = .9514318
Grid value 75:    lambda = 6.76e-06   no. of nonzero coef. = 24
Folds: 1...5....10   CVF =  .951432
Grid value 76:    lambda = 6.16e-06   no. of nonzero coef. = 24
Folds: 1...5....10   CVF = .9514321
Grid value 77:    lambda = 5.61e-06   no. of nonzero coef. = 24
Folds: 1...5....10   CVF = .9514323
Grid value 78:    lambda = 5.11e-06   no. of nonzero coef. = 24
Folds: 1...5....10   CVF = .9514324
Grid value 79:    lambda = 4.66e-06   no. of nonzero coef. = 24
Folds: 1...5....10   CVF = .9514326
Grid value 80:    lambda = 4.24e-06   no. of nonzero coef. = 24
Folds: 1...5....10   CVF = .9514327
Grid value 81:    lambda = 3.87e-06   no. of nonzero coef. = 24
Folds: 1...5....10   CVF = .9514328
Grid value 82:    lambda = 3.52e-06   no. of nonzero coef. = 24
Folds: 1...5....10   CVF = .9514329
Grid value 83:    lambda = 3.21e-06   no. of nonzero coef. = 24
Folds: 1...5....10   CVF =  .951433
Grid value 84:    lambda = 2.93e-06   no. of nonzero coef. = 24
Folds: 1...5....10   CVF = .9514331
Grid value 85:    lambda = 2.67e-06   no. of nonzero coef. = 24
Folds: 1...5....10   CVF = .9514332
Grid value 86:    lambda = 2.43e-06   no. of nonzero coef. = 24
Folds: 1...5....10   CVF = .9514332
Grid value 87:    lambda = 2.21e-06   no. of nonzero coef. = 24
Folds: 1...5....10   CVF = .9514333
Grid value 88:    lambda = 2.02e-06   no. of nonzero coef. = 24
Folds: 1...5....10   CVF = .9514334
Grid value 89:    lambda = 1.84e-06   no. of nonzero coef. = 24
Folds: 1...5....10   CVF = .9514334
Grid value 90:    lambda = 1.67e-06   no. of nonzero coef. = 24
Folds: 1...5....10   CVF = .9514335
Grid value 91:    lambda = 1.53e-06   no. of nonzero coef. = 24
Folds: 1...5....10   CVF = .9514335
Grid value 92:    lambda = 1.39e-06   no. of nonzero coef. = 24
Folds: 1...5....10   CVF = .9514336
Grid value 93:    lambda = 1.27e-06   no. of nonzero coef. = 24
Folds: 1...5....10   CVF = .9514336
Grid value 94:    lambda = 1.15e-06   no. of nonzero coef. = 24
Folds: 1...5....10   CVF = .9514336
Grid value 95:    lambda = 1.05e-06   no. of nonzero coef. = 24
Folds: 1...5....10   CVF = .9514337
Grid value 96:    lambda = 9.58e-07   no. of nonzero coef. = 24
Folds: 1...5....10   CVF = .9514337
Grid value 97:    lambda = 8.73e-07   no. of nonzero coef. = 24
Folds: 1...5....10   CVF = .9514337
Grid value 98:    lambda = 7.95e-07   no. of nonzero coef. = 24
Folds: 1...5....10   CVF = .9514337
Grid value 99:    lambda = 7.25e-07   no. of nonzero coef. = 24
Folds: 1...5....10   CVF = .9514338
Grid value 100:   lambda = 6.60e-07   no. of nonzero coef. = 24
Folds: 1...5....10   CVF = .9514338
Grid value 101:   lambda = 6.02e-07   no. of nonzero coef. = 24
Folds: 1...5....10   CVF = .9514338
Grid value 102:   lambda = 5.48e-07   no. of nonzero coef. = 24
Folds: 1...5....10   CVF = .9514338
Grid value 103:   lambda = 4.99e-07   no. of nonzero coef. = 24
Folds: 1...5....10   CVF = .9514338
Grid value 104:   lambda = 4.55e-07   no. of nonzero coef. = 24
Folds: 1...5....10   CVF = .9514338
Grid value 105:   lambda = 4.15e-07   no. of nonzero coef. = 24
Folds: 1...5....10   CVF = .9514338
Grid value 106:   lambda = 3.78e-07   no. of nonzero coef. = 24
Folds: 1...5....10   CVF = .9514339
Grid value 107:   lambda = 3.44e-07   no. of nonzero coef. = 24
Folds: 1...5....10   CVF = .9514339
Grid value 108:   lambda = 3.14e-07   no. of nonzero coef. = 24
Folds: 1...5....10   CVF = .9514339
Grid value 109:   lambda = 2.86e-07   no. of nonzero coef. = 24
Folds: 1...5....10   CVF = .9514339
Grid value 110:   lambda = 2.60e-07   no. of nonzero coef. = 24
Folds: 1...5....10   CVF = .9514339
Grid value 111:   lambda = 2.37e-07   no. of nonzero coef. = 24
Folds: 1...5....10   CVF = .9514339
Grid value 112:   lambda = 2.16e-07   no. of nonzero coef. = 24
Folds: 1...5....10   CVF = .9514339
Grid value 113:   lambda = 1.97e-07   no. of nonzero coef. = 24
Folds: 1...5....10   CVF = .9514339

alpha 2 of 3: alpha = .5

10-fold cross-validation with 113 lambdas ...
Grid value 1:     lambda = .0059094   no. of nonzero coef. = 20
Folds: 1...5....10   CVF = .9508735
Grid value 2:     lambda = .0053844   no. of nonzero coef. = 20
Folds: 1...5....10   CVF = .9508735
Grid value 3:     lambda = .0049061   no. of nonzero coef. = 20
Folds: 1...5....10   CVF = .9508839
Grid value 4:     lambda = .0044702   no. of nonzero coef. = 20
Folds: 1...5....10   CVF = .9509028
Grid value 5:     lambda = .0040731   no. of nonzero coef. = 20
Folds: 1...5....10   CVF = .9509204
Grid value 6:     lambda = .0037112   no. of nonzero coef. = 20
Folds: 1...5....10   CVF = .9509415
Grid value 7:     lambda = .0033816   no. of nonzero coef. = 20
Folds: 1...5....10   CVF = .9509685
Grid value 8:     lambda = .0030811   no. of nonzero coef. = 20
Folds: 1...5....10   CVF = .9509947
Grid value 9:     lambda = .0029547   no. of nonzero coef. = 20
Folds: 1...5....10   CVF = .9510057
Grid value 10:    lambda = .0026922   no. of nonzero coef. = 21
Folds: 1...5....10   CVF = .9510268
Grid value 11:    lambda =  .002453   no. of nonzero coef. = 21
Folds: 1...5....10   CVF = .9510452
Grid value 12:    lambda = .0022351   no. of nonzero coef. = 21
Folds: 1...5....10   CVF = .9510626
Grid value 13:    lambda = .0020365   no. of nonzero coef. = 21
Folds: 1...5....10   CVF = .9510758
Grid value 14:    lambda = .0019698   no. of nonzero coef. = 21
Folds: 1...5....10   CVF = .9510813
Grid value 15:    lambda = .0017948   no. of nonzero coef. = 21
Folds: 1...5....10   CVF = .9510971
Grid value 16:    lambda = .0016354   no. of nonzero coef. = 21
Folds: 1...5....10   CVF = .9511091
Grid value 17:    lambda = .0014901   no. of nonzero coef. = 21
Folds: 1...5....10   CVF = .9511147
Grid value 18:    lambda = .0013577   no. of nonzero coef. = 22
Folds: 1...5....10   CVF = .9511177
Grid value 19:    lambda = .0012371   no. of nonzero coef. = 22
Folds: 1...5....10   CVF = .9511326
Grid value 20:    lambda = .0011272   no. of nonzero coef. = 22
Folds: 1...5....10   CVF = .9511541
Grid value 21:    lambda =  .001027   no. of nonzero coef. = 22
Folds: 1...5....10   CVF = .9511753
Grid value 22:    lambda = .0009358   no. of nonzero coef. = 22
Folds: 1...5....10   CVF = .9512016
Grid value 23:    lambda = .0008527   no. of nonzero coef. = 22
Folds: 1...5....10   CVF = .9512312
Grid value 24:    lambda = .0007769   no. of nonzero coef. = 23
Folds: 1...5....10   CVF = .9512612
Grid value 25:    lambda = .0007079   no. of nonzero coef. = 23
Folds: 1...5....10   CVF = .9512915
Grid value 26:    lambda =  .000645   no. of nonzero coef. = 23
Folds: 1...5....10   CVF = .9513147
Grid value 27:    lambda = .0005877   no. of nonzero coef. = 23
Folds: 1...5....10   CVF = .9513358
Grid value 28:    lambda = .0005355   no. of nonzero coef. = 23
Folds: 1...5....10   CVF = .9513545
Grid value 29:    lambda = .0004879   no. of nonzero coef. = 23
Folds: 1...5....10   CVF = .9513724
Grid value 30:    lambda = .0004446   no. of nonzero coef. = 23
Folds: 1...5....10   CVF = .9513877
Grid value 31:    lambda = .0004051   no. of nonzero coef. = 23
Folds: 1...5....10   CVF = .9513894
Grid value 32:    lambda = .0003691   no. of nonzero coef. = 23
Folds: 1...5....10   CVF = .9513899
Grid value 33:    lambda = .0003363   no. of nonzero coef. = 23
Folds: 1...5....10   CVF = .9513909
Grid value 34:    lambda = .0003064   no. of nonzero coef. = 23
Folds: 1...5....10   CVF = .9513923
Grid value 35:    lambda = .0002792   no. of nonzero coef. = 23
Folds: 1...5....10   CVF = .9513939
Grid value 36:    lambda = .0002544   no. of nonzero coef. = 23
Folds: 1...5....10   CVF = .9513957
Grid value 37:    lambda = .0002318   no. of nonzero coef. = 23
Folds: 1...5....10   CVF = .9513976
Grid value 38:    lambda = .0002112   no. of nonzero coef. = 23
Folds: 1...5....10   CVF = .9513996
Grid value 39:    lambda = .0001925   no. of nonzero coef. = 23
Folds: 1...5....10   CVF = .9514017
Grid value 40:    lambda = .0001754   no. of nonzero coef. = 23
Folds: 1...5....10   CVF = .9514038
Grid value 41:    lambda = .0001598   no. of nonzero coef. = 23
Folds: 1...5....10   CVF = .9514058
Grid value 42:    lambda = .0001456   no. of nonzero coef. = 23
Folds: 1...5....10   CVF = .9514078
Grid value 43:    lambda = .0001326   no. of nonzero coef. = 24
Folds: 1...5....10   CVF = .9514096
Grid value 44:    lambda = .0001209   no. of nonzero coef. = 24
Folds: 1...5....10   CVF = .9514114
Grid value 45:    lambda = .0001101   no. of nonzero coef. = 24
Folds: 1...5....10   CVF = .9514131
Grid value 46:    lambda = .0001003   no. of nonzero coef. = 24
Folds: 1...5....10   CVF = .9514147
Grid value 47:    lambda = .0000914   no. of nonzero coef. = 24
Folds: 1...5....10   CVF = .9514162
Grid value 48:    lambda = .0000833   no. of nonzero coef. = 24
Folds: 1...5....10   CVF = .9514176
Grid value 49:    lambda = .0000759   no. of nonzero coef. = 24
Folds: 1...5....10   CVF = .9514189
Grid value 50:    lambda = .0000692   no. of nonzero coef. = 24
Folds: 1...5....10   CVF = .9514202
Grid value 51:    lambda =  .000063   no. of nonzero coef. = 24
Folds: 1...5....10   CVF = .9514213
Grid value 52:    lambda = .0000574   no. of nonzero coef. = 24
Folds: 1...5....10   CVF = .9514224
Grid value 53:    lambda = .0000523   no. of nonzero coef. = 24
Folds: 1...5....10   CVF = .9514234
Grid value 54:    lambda = .0000477   no. of nonzero coef. = 24
Folds: 1...5....10   CVF = .9514242
Grid value 55:    lambda = .0000434   no. of nonzero coef. = 24
Folds: 1...5....10   CVF = .9514251
Grid value 56:    lambda = .0000396   no. of nonzero coef. = 24
Folds: 1...5....10   CVF = .9514258
Grid value 57:    lambda = .0000361   no. of nonzero coef. = 24
Folds: 1...5....10   CVF = .9514265
Grid value 58:    lambda = .0000329   no. of nonzero coef. = 24
Folds: 1...5....10   CVF = .9514271
Grid value 59:    lambda = .0000299   no. of nonzero coef. = 24
Folds: 1...5....10   CVF = .9514277
Grid value 60:    lambda = .0000273   no. of nonzero coef. = 24
Folds: 1...5....10   CVF = .9514283
Grid value 61:    lambda = .0000249   no. of nonzero coef. = 24
Folds: 1...5....10   CVF = .9514287
Grid value 62:    lambda = .0000226   no. of nonzero coef. = 24
Folds: 1...5....10   CVF = .9514292
Grid value 63:    lambda = .0000206   no. of nonzero coef. = 24
Folds: 1...5....10   CVF = .9514296
Grid value 64:    lambda = .0000188   no. of nonzero coef. = 24
Folds: 1...5....10   CVF =   .95143
Grid value 65:    lambda = .0000171   no. of nonzero coef. = 24
Folds: 1...5....10   CVF = .9514303
Grid value 66:    lambda = .0000156   no. of nonzero coef. = 24
Folds: 1...5....10   CVF = .9514306
Grid value 67:    lambda = .0000142   no. of nonzero coef. = 24
Folds: 1...5....10   CVF = .9514309
Grid value 68:    lambda =  .000013   no. of nonzero coef. = 24
Folds: 1...5....10   CVF = .9514312
Grid value 69:    lambda = .0000118   no. of nonzero coef. = 24
Folds: 1...5....10   CVF = .9514314
Grid value 70:    lambda = .0000108   no. of nonzero coef. = 24
Folds: 1...5....10   CVF = .9514317
Grid value 71:    lambda = 9.80e-06   no. of nonzero coef. = 24
Folds: 1...5....10   CVF = .9514319
Grid value 72:    lambda = 8.93e-06   no. of nonzero coef. = 24
Folds: 1...5....10   CVF = .9514321
Grid value 73:    lambda = 8.14e-06   no. of nonzero coef. = 24
Folds: 1...5....10   CVF = .9514322
Grid value 74:    lambda = 7.42e-06   no. of nonzero coef. = 24
Folds: 1...5....10   CVF = .9514324
Grid value 75:    lambda = 6.76e-06   no. of nonzero coef. = 24
Folds: 1...5....10   CVF = .9514325
Grid value 76:    lambda = 6.16e-06   no. of nonzero coef. = 24
Folds: 1...5....10   CVF = .9514326
Grid value 77:    lambda = 5.61e-06   no. of nonzero coef. = 24
Folds: 1...5....10   CVF = .9514328
Grid value 78:    lambda = 5.11e-06   no. of nonzero coef. = 24
Folds: 1...5....10   CVF = .9514329
Grid value 79:    lambda = 4.66e-06   no. of nonzero coef. = 24
Folds: 1...5....10   CVF =  .951433
Grid value 80:    lambda = 4.24e-06   no. of nonzero coef. = 24
Folds: 1...5....10   CVF = .9514331
Grid value 81:    lambda = 3.87e-06   no. of nonzero coef. = 24
Folds: 1...5....10   CVF = .9514331
Grid value 82:    lambda = 3.52e-06   no. of nonzero coef. = 24
Folds: 1...5....10   CVF = .9514332
Grid value 83:    lambda = 3.21e-06   no. of nonzero coef. = 24
Folds: 1...5....10   CVF = .9514333
Grid value 84:    lambda = 2.93e-06   no. of nonzero coef. = 24
Folds: 1...5....10   CVF = .9514333
Grid value 85:    lambda = 2.67e-06   no. of nonzero coef. = 24
Folds: 1...5....10   CVF = .9514334
Grid value 86:    lambda = 2.43e-06   no. of nonzero coef. = 24
Folds: 1...5....10   CVF = .9514334
Grid value 87:    lambda = 2.21e-06   no. of nonzero coef. = 24
Folds: 1...5....10   CVF = .9514335
Grid value 88:    lambda = 2.02e-06   no. of nonzero coef. = 24
Folds: 1...5....10   CVF = .9514335
Grid value 89:    lambda = 1.84e-06   no. of nonzero coef. = 24
Folds: 1...5....10   CVF = .9514336
Grid value 90:    lambda = 1.67e-06   no. of nonzero coef. = 24
Folds: 1...5....10   CVF = .9514336
Grid value 91:    lambda = 1.53e-06   no. of nonzero coef. = 24
Folds: 1...5....10   CVF = .9514336
Grid value 92:    lambda = 1.39e-06   no. of nonzero coef. = 24
Folds: 1...5....10   CVF = .9514337
Grid value 93:    lambda = 1.27e-06   no. of nonzero coef. = 24
Folds: 1...5....10   CVF = .9514337
Grid value 94:    lambda = 1.15e-06   no. of nonzero coef. = 24
Folds: 1...5....10   CVF = .9514337
Grid value 95:    lambda = 1.05e-06   no. of nonzero coef. = 24
Folds: 1...5....10   CVF = .9514337
Grid value 96:    lambda = 9.58e-07   no. of nonzero coef. = 24
Folds: 1...5....10   CVF = .9514338
Grid value 97:    lambda = 8.73e-07   no. of nonzero coef. = 24
Folds: 1...5....10   CVF = .9514338
Grid value 98:    lambda = 7.95e-07   no. of nonzero coef. = 24
Folds: 1...5....10   CVF = .9514338
Grid value 99:    lambda = 7.25e-07   no. of nonzero coef. = 24
Folds: 1...5....10   CVF = .9514338
Grid value 100:   lambda = 6.60e-07   no. of nonzero coef. = 24
Folds: 1...5....10   CVF = .9514338
Grid value 101:   lambda = 6.02e-07   no. of nonzero coef. = 24
Folds: 1...5....10   CVF = .9514338
Grid value 102:   lambda = 5.48e-07   no. of nonzero coef. = 24
Folds: 1...5....10   CVF = .9514338
Grid value 103:   lambda = 4.99e-07   no. of nonzero coef. = 24
Folds: 1...5....10   CVF = .9514339
Grid value 104:   lambda = 4.55e-07   no. of nonzero coef. = 24
Folds: 1...5....10   CVF = .9514339
Grid value 105:   lambda = 4.15e-07   no. of nonzero coef. = 24
Folds: 1...5....10   CVF = .9514339
Grid value 106:   lambda = 3.78e-07   no. of nonzero coef. = 24
Folds: 1...5....10   CVF = .9514339
Grid value 107:   lambda = 3.44e-07   no. of nonzero coef. = 24
Folds: 1...5....10   CVF = .9514339
Grid value 108:   lambda = 3.14e-07   no. of nonzero coef. = 24
Folds: 1...5....10   CVF = .9514339
Grid value 109:   lambda = 2.86e-07   no. of nonzero coef. = 24
Folds: 1...5....10   CVF = .9514339
Grid value 110:   lambda = 2.60e-07   no. of nonzero coef. = 24
Folds: 1...5....10   CVF = .9514339
Grid value 111:   lambda = 2.37e-07   no. of nonzero coef. = 24
Folds: 1...5....10   CVF = .9514339
Grid value 112:   lambda = 2.16e-07   no. of nonzero coef. = 24
Folds: 1...5....10   CVF = .9514339
Grid value 113:   lambda = 1.97e-07   no. of nonzero coef. = 24
Folds: 1...5....10   CVF = .9514339

alpha 3 of 3: alpha = .25

10-fold cross-validation with 113 lambdas ...
Grid value 1:     lambda = .0059094   no. of nonzero coef. = 20
Folds: 1...5....10   CVF = .9510026
Grid value 2:     lambda = .0053844   no. of nonzero coef. = 21
Folds: 1...5....10   CVF = .9510234
Grid value 3:     lambda = .0049061   no. of nonzero coef. = 21
Folds: 1...5....10   CVF = .9510417
Grid value 4:     lambda = .0044702   no. of nonzero coef. = 21
Folds: 1...5....10   CVF =  .951059
Grid value 5:     lambda = .0040731   no. of nonzero coef. = 21
Folds: 1...5....10   CVF = .9510723
Grid value 6:     lambda = .0037112   no. of nonzero coef. = 21
Folds: 1...5....10   CVF = .9510877
Grid value 7:     lambda = .0033816   no. of nonzero coef. = 21
Folds: 1...5....10   CVF = .9511014
Grid value 8:     lambda = .0030811   no. of nonzero coef. = 21
Folds: 1...5....10   CVF = .9511099
Grid value 9:     lambda = .0029547   no. of nonzero coef. = 21
Folds: 1...5....10   CVF = .9511115
Grid value 10:    lambda = .0026922   no. of nonzero coef. = 22
Folds: 1...5....10   CVF = .9511151
Grid value 11:    lambda =  .002453   no. of nonzero coef. = 22
Folds: 1...5....10   CVF = .9511302
Grid value 12:    lambda = .0022351   no. of nonzero coef. = 22
Folds: 1...5....10   CVF =   .95115
Grid value 13:    lambda = .0020365   no. of nonzero coef. = 22
Folds: 1...5....10   CVF = .9511699
Grid value 14:    lambda = .0019698   no. of nonzero coef. = 22
Folds: 1...5....10   CVF = .9511782
Grid value 15:    lambda = .0017948   no. of nonzero coef. = 22
Folds: 1...5....10   CVF = .9512051
Grid value 16:    lambda = .0016354   no. of nonzero coef. = 22
Folds: 1...5....10   CVF = .9512331
Grid value 17:    lambda = .0014901   no. of nonzero coef. = 23
Folds: 1...5....10   CVF = .9512626
Grid value 18:    lambda = .0013577   no. of nonzero coef. = 23
Folds: 1...5....10   CVF = .9512895
Grid value 19:    lambda = .0012371   no. of nonzero coef. = 23
Folds: 1...5....10   CVF = .9513106
Grid value 20:    lambda = .0011272   no. of nonzero coef. = 23
Folds: 1...5....10   CVF = .9513305
Grid value 21:    lambda =  .001027   no. of nonzero coef. = 23
Folds: 1...5....10   CVF = .9513487
Grid value 22:    lambda = .0009358   no. of nonzero coef. = 23
Folds: 1...5....10   CVF = .9513664
Grid value 23:    lambda = .0008527   no. of nonzero coef. = 23
Folds: 1...5....10   CVF = .9513762
Grid value 24:    lambda = .0007769   no. of nonzero coef. = 23
Folds: 1...5....10   CVF = .9513773
Grid value 25:    lambda = .0007079   no. of nonzero coef. = 23
Folds: 1...5....10   CVF = .9513789
Grid value 26:    lambda =  .000645   no. of nonzero coef. = 23
Folds: 1...5....10   CVF = .9513808
Grid value 27:    lambda = .0005877   no. of nonzero coef. = 23
Folds: 1...5....10   CVF =  .951383
Grid value 28:    lambda = .0005355   no. of nonzero coef. = 23
Folds: 1...5....10   CVF = .9513854
Grid value 29:    lambda = .0004879   no. of nonzero coef. = 23
Folds: 1...5....10   CVF = .9513878
Grid value 30:    lambda = .0004446   no. of nonzero coef. = 23
Folds: 1...5....10   CVF = .9513904
Grid value 31:    lambda = .0004051   no. of nonzero coef. = 23
Folds: 1...5....10   CVF =  .951393
Grid value 32:    lambda = .0003691   no. of nonzero coef. = 23
Folds: 1...5....10   CVF = .9513956
Grid value 33:    lambda = .0003363   no. of nonzero coef. = 23
Folds: 1...5....10   CVF = .9513982
Grid value 34:    lambda = .0003064   no. of nonzero coef. = 23
Folds: 1...5....10   CVF = .9514006
Grid value 35:    lambda = .0002792   no. of nonzero coef. = 24
Folds: 1...5....10   CVF =  .951403
Grid value 36:    lambda = .0002544   no. of nonzero coef. = 24
Folds: 1...5....10   CVF = .9514053
Grid value 37:    lambda = .0002318   no. of nonzero coef. = 24
Folds: 1...5....10   CVF = .9514074
Grid value 38:    lambda = .0002112   no. of nonzero coef. = 24
Folds: 1...5....10   CVF = .9514094
Grid value 39:    lambda = .0001925   no. of nonzero coef. = 24
Folds: 1...5....10   CVF = .9514113
Grid value 40:    lambda = .0001754   no. of nonzero coef. = 24
Folds: 1...5....10   CVF = .9514131
Grid value 41:    lambda = .0001598   no. of nonzero coef. = 24
Folds: 1...5....10   CVF = .9514148
Grid value 42:    lambda = .0001456   no. of nonzero coef. = 24
Folds: 1...5....10   CVF = .9514163
Grid value 43:    lambda = .0001326   no. of nonzero coef. = 24
Folds: 1...5....10   CVF = .9514178
Grid value 44:    lambda = .0001209   no. of nonzero coef. = 24
Folds: 1...5....10   CVF = .9514191
Grid value 45:    lambda = .0001101   no. of nonzero coef. = 24
Folds: 1...5....10   CVF = .9514204
Grid value 46:    lambda = .0001003   no. of nonzero coef. = 24
Folds: 1...5....10   CVF = .9514215
Grid value 47:    lambda = .0000914   no. of nonzero coef. = 24
Folds: 1...5....10   CVF = .9514226
Grid value 48:    lambda = .0000833   no. of nonzero coef. = 24
Folds: 1...5....10   CVF = .9514235
Grid value 49:    lambda = .0000759   no. of nonzero coef. = 24
Folds: 1...5....10   CVF = .9514244
Grid value 50:    lambda = .0000692   no. of nonzero coef. = 24
Folds: 1...5....10   CVF = .9514252
Grid value 51:    lambda =  .000063   no. of nonzero coef. = 24
Folds: 1...5....10   CVF =  .951426
Grid value 52:    lambda = .0000574   no. of nonzero coef. = 24
Folds: 1...5....10   CVF = .9514266
Grid value 53:    lambda = .0000523   no. of nonzero coef. = 24
Folds: 1...5....10   CVF = .9514273
Grid value 54:    lambda = .0000477   no. of nonzero coef. = 24
Folds: 1...5....10   CVF = .9514279
Grid value 55:    lambda = .0000434   no. of nonzero coef. = 24
Folds: 1...5....10   CVF = .9514284
Grid value 56:    lambda = .0000396   no. of nonzero coef. = 24
Folds: 1...5....10   CVF = .9514289
Grid value 57:    lambda = .0000361   no. of nonzero coef. = 24
Folds: 1...5....10   CVF = .9514293
Grid value 58:    lambda = .0000329   no. of nonzero coef. = 24
Folds: 1...5....10   CVF = .9514297
Grid value 59:    lambda = .0000299   no. of nonzero coef. = 24
Folds: 1...5....10   CVF = .9514301
Grid value 60:    lambda = .0000273   no. of nonzero coef. = 24
Folds: 1...5....10   CVF = .9514304
Grid value 61:    lambda = .0000249   no. of nonzero coef. = 24
Folds: 1...5....10   CVF = .9514307
Grid value 62:    lambda = .0000226   no. of nonzero coef. = 24
Folds: 1...5....10   CVF =  .951431
Grid value 63:    lambda = .0000206   no. of nonzero coef. = 24
Folds: 1...5....10   CVF = .9514313
Grid value 64:    lambda = .0000188   no. of nonzero coef. = 24
Folds: 1...5....10   CVF = .9514315
Grid value 65:    lambda = .0000171   no. of nonzero coef. = 24
Folds: 1...5....10   CVF = .9514317
Grid value 66:    lambda = .0000156   no. of nonzero coef. = 24
Folds: 1...5....10   CVF = .9514319
Grid value 67:    lambda = .0000142   no. of nonzero coef. = 24
Folds: 1...5....10   CVF = .9514321
Grid value 68:    lambda =  .000013   no. of nonzero coef. = 24
Folds: 1...5....10   CVF = .9514323
Grid value 69:    lambda = .0000118   no. of nonzero coef. = 24
Folds: 1...5....10   CVF = .9514324
Grid value 70:    lambda = .0000108   no. of nonzero coef. = 24
Folds: 1...5....10   CVF = .9514326
Grid value 71:    lambda = 9.80e-06   no. of nonzero coef. = 24
Folds: 1...5....10   CVF = .9514327
Grid value 72:    lambda = 8.93e-06   no. of nonzero coef. = 24
Folds: 1...5....10   CVF = .9514328
Grid value 73:    lambda = 8.14e-06   no. of nonzero coef. = 24
Folds: 1...5....10   CVF = .9514329
Grid value 74:    lambda = 7.42e-06   no. of nonzero coef. = 24
Folds: 1...5....10   CVF =  .951433
Grid value 75:    lambda = 6.76e-06   no. of nonzero coef. = 24
Folds: 1...5....10   CVF = .9514331
Grid value 76:    lambda = 6.16e-06   no. of nonzero coef. = 24
Folds: 1...5....10   CVF = .9514332
Grid value 77:    lambda = 5.61e-06   no. of nonzero coef. = 24
Folds: 1...5....10   CVF = .9514332
Grid value 78:    lambda = 5.11e-06   no. of nonzero coef. = 24
Folds: 1...5....10   CVF = .9514333
Grid value 79:    lambda = 4.66e-06   no. of nonzero coef. = 24
Folds: 1...5....10   CVF = .9514334
Grid value 80:    lambda = 4.24e-06   no. of nonzero coef. = 24
Folds: 1...5....10   CVF = .9514334
Grid value 81:    lambda = 3.87e-06   no. of nonzero coef. = 24
Folds: 1...5....10   CVF = .9514335
Grid value 82:    lambda = 3.52e-06   no. of nonzero coef. = 24
Folds: 1...5....10   CVF = .9514335
Grid value 83:    lambda = 3.21e-06   no. of nonzero coef. = 24
Folds: 1...5....10   CVF = .9514335
Grid value 84:    lambda = 2.93e-06   no. of nonzero coef. = 24
Folds: 1...5....10   CVF = .9514336
Grid value 85:    lambda = 2.67e-06   no. of nonzero coef. = 24
Folds: 1...5....10   CVF = .9514336
Grid value 86:    lambda = 2.43e-06   no. of nonzero coef. = 24
Folds: 1...5....10   CVF = .9514336
Grid value 87:    lambda = 2.21e-06   no. of nonzero coef. = 24
Folds: 1...5....10   CVF = .9514337
Grid value 88:    lambda = 2.02e-06   no. of nonzero coef. = 24
Folds: 1...5....10   CVF = .9514337
Grid value 89:    lambda = 1.84e-06   no. of nonzero coef. = 24
Folds: 1...5....10   CVF = .9514337
Grid value 90:    lambda = 1.67e-06   no. of nonzero coef. = 24
Folds: 1...5....10   CVF = .9514337
Grid value 91:    lambda = 1.53e-06   no. of nonzero coef. = 24
Folds: 1...5....10   CVF = .9514338
Grid value 92:    lambda = 1.39e-06   no. of nonzero coef. = 24
Folds: 1...5....10   CVF = .9514338
Grid value 93:    lambda = 1.27e-06   no. of nonzero coef. = 24
Folds: 1...5....10   CVF = .9514338
Grid value 94:    lambda = 1.15e-06   no. of nonzero coef. = 24
Folds: 1...5....10   CVF = .9514338
Grid value 95:    lambda = 1.05e-06   no. of nonzero coef. = 24
Folds: 1...5....10   CVF = .9514338
Grid value 96:    lambda = 9.58e-07   no. of nonzero coef. = 24
Folds: 1...5....10   CVF = .9514338
Grid value 97:    lambda = 8.73e-07   no. of nonzero coef. = 24
Folds: 1...5....10   CVF = .9514339
Grid value 98:    lambda = 7.95e-07   no. of nonzero coef. = 24
Folds: 1...5....10   CVF = .9514339
Grid value 99:    lambda = 7.25e-07   no. of nonzero coef. = 24
Folds: 1...5....10   CVF = .9514339
Grid value 100:   lambda = 6.60e-07   no. of nonzero coef. = 24
Folds: 1...5....10   CVF = .9514339
Grid value 101:   lambda = 6.02e-07   no. of nonzero coef. = 24
Folds: 1...5....10   CVF = .9514339
Grid value 102:   lambda = 5.48e-07   no. of nonzero coef. = 24
Folds: 1...5....10   CVF = .9514339
Grid value 103:   lambda = 4.99e-07   no. of nonzero coef. = 24
Folds: 1...5....10   CVF = .9514339
Grid value 104:   lambda = 4.55e-07   no. of nonzero coef. = 24
Folds: 1...5....10   CVF = .9514339
Grid value 105:   lambda = 4.15e-07   no. of nonzero coef. = 24
Folds: 1...5....10   CVF = .9514339
Grid value 106:   lambda = 3.78e-07   no. of nonzero coef. = 24
Folds: 1...5....10   CVF = .9514339
Grid value 107:   lambda = 3.44e-07   no. of nonzero coef. = 24
Folds: 1...5....10   CVF = .9514339
Grid value 108:   lambda = 3.14e-07   no. of nonzero coef. = 24
Folds: 1...5....10   CVF = .9514339
Grid value 109:   lambda = 2.86e-07   no. of nonzero coef. = 24
Folds: 1...5....10   CVF = .9514339
Grid value 110:   lambda = 2.60e-07   no. of nonzero coef. = 24
Folds: 1...5....10   CVF = .9514339
Grid value 111:   lambda = 2.37e-07   no. of nonzero coef. = 24
Folds: 1...5....10   CVF = .9514339
Grid value 112:   lambda = 2.16e-07   no. of nonzero coef. = 24
Folds: 1...5....10   CVF = .9514339
Grid value 113:   lambda = 1.97e-07   no. of nonzero coef. = 24
Folds: 1...5....10   CVF = .9514339

Elastic net linear model                         No. of obs        =     36,273
                                                 No. of covariates =         26
Cluster  : holder_cluster                        No. of clusters   =      4,466
Selection: Cross-validation                      No. of CV folds   =         10

-------------------------------------------------------------------------------
               |                               No. of      Out-of-      CV mean
               |                              nonzero       sample   prediction
alpha       ID |     Description      lambda    coef.    R-squared        error
---------------+---------------------------------------------------------------
0.750          |
             1 |    first lambda    .0059094       20       0.1454     .9508735
             5 |   lambda before    .0040731       20       0.1454     .9508735
           * 6 | selected lambda    .0037112       20       0.1454     .9508735
             7 |    lambda after    .0033816       20       0.1454     .9508769
           113 |     last lambda    1.97e-07       24       0.1449     .9514339
---------------+---------------------------------------------------------------
0.500          |
           114 |    first lambda    .0059094       20       0.1454     .9508735
           226 |     last lambda    1.97e-07       24       0.1449     .9514339
---------------+---------------------------------------------------------------
0.250          |
           227 |    first lambda    .0059094       20       0.1453     .9510026
           339 |     last lambda    1.97e-07       24       0.1449     .9514339
-------------------------------------------------------------------------------
* alpha and lambda selected by cross-validation.

. 
. * store PCA elastic-net model
.         estimates store         pca_elastic

. 
. * display selected variables and postselection coefficients
.         lassocoef,                      display(coef, postselection)

--------------------------------
                   | pca_elastic
-------------------+------------
econ_barrier_index |   -.0309895
inst_barrier_index |   -.6640735
land_barrier_index |    .2486103
    female_manager |   -.0419611
       manager_age |     .002433
    manager_age_sq |   -.0000334
    manager_lowedu |    .0260515
                   |
              wave |
                1  |           e
                2  |   -.3063212
                3  |   -.4282071
                4  |     -.11431
                5  |   -.1641854
                   |
           admin_1 |
           Tigray  |           e
             Afar  |    .3407671
           Amhara  |    .0066735
           Oromia  |   -.3363645
          Somalie  |   -.2488726
  Benshagul Gumuz  |   -.4419644
             SNNP  |   -.6624521
         Gambelia  |    -.946496
           Harari  |     .051541
          Diredwa  |    .1935074
                   |
             _cons |      .79226
--------------------------------
Legend:
  b - base level
  e - empty cell
  o - omitted

.         
.         
. 
end of do-file

